"Region, subregion, country or area *",Year,Mean Age Childbearing (years)
WORLD,1950,28.9
WORLD,1955,28.9
WORLD,1960,28.6
WORLD,1965,28.8
WORLD,1970,28.7
WORLD,1975,28.4
WORLD,1980,28.0
WORLD,1985,27.7
WORLD,1990,27.5
WORLD,1995,27.2
WORLD,2000,27.3
WORLD,2005,27.6
WORLD,2010,27.7
WORLD,2015,28.0
Sub-Saharan Africa,1950,29.7
Sub-Saharan Africa,1955,29.7
Sub-Saharan Africa,1960,29.7
Sub-Saharan Africa,1965,29.6
Sub-Saharan Africa,1970,29.6
Sub-Saharan Africa,1975,29.6
Sub-Saharan Africa,1980,29.7
Sub-Saharan Africa,1985,29.6
Sub-Saharan Africa,1990,29.6
Sub-Saharan Africa,1995,29.5
Sub-Saharan Africa,2000,29.4
Sub-Saharan Africa,2005,29.4
Sub-Saharan Africa,2010,29.4
Sub-Saharan Africa,2015,29.2
Northern Africa and Western Asia,1950,29.1
Northern Africa and Western Asia,1955,29.1
Northern Africa and Western Asia,1960,29.1
Northern Africa and Western Asia,1965,29.2
Northern Africa and Western Asia,1970,29.2
Northern Africa and Western Asia,1975,29.3
Northern Africa and Western Asia,1980,29.3
Northern Africa and Western Asia,1985,29.5
Northern Africa and Western Asia,1990,29.5
Northern Africa and Western Asia,1995,29.2
Northern Africa and Western Asia,2000,29.2
Northern Africa and Western Asia,2005,29.1
Northern Africa and Western Asia,2010,29.1
Northern Africa and Western Asia,2015,29.1
Central and Southern Asia,1950,28.4
Central and Southern Asia,1955,28.4
Central and Southern Asia,1960,28.4
Central and Southern Asia,1965,28.4
Central and Southern Asia,1970,28.3
Central and Southern Asia,1975,28.1
Central and Southern Asia,1980,27.9
Central and Southern Asia,1985,27.6
Central and Southern Asia,1990,27.5
Central and Southern Asia,1995,26.8
Central and Southern Asia,2000,26.9
Central and Southern Asia,2005,27.2
Central and Southern Asia,2010,26.9
Central and Southern Asia,2015,27.2
Eastern and South-Eastern Asia,1950,29.8
Eastern and South-Eastern Asia,1955,29.8
Eastern and South-Eastern Asia,1960,29.4
Eastern and South-Eastern Asia,1965,29.7
Eastern and South-Eastern Asia,1970,29.6
Eastern and South-Eastern Asia,1975,29.1
Eastern and South-Eastern Asia,1980,28.2
Eastern and South-Eastern Asia,1985,27.2
Eastern and South-Eastern Asia,1990,26.8
Eastern and South-Eastern Asia,1995,26.8
Eastern and South-Eastern Asia,2000,27.1
Eastern and South-Eastern Asia,2005,27.3
Eastern and South-Eastern Asia,2010,27.8
Eastern and South-Eastern Asia,2015,28.3
Latin America and the Caribbean,1950,29.0
Latin America and the Caribbean,1955,29.0
Latin America and the Caribbean,1960,29.0
Latin America and the Caribbean,1965,29.0
Latin America and the Caribbean,1970,29.0
Latin America and the Caribbean,1975,28.7
Latin America and the Caribbean,1980,28.4
Latin America and the Caribbean,1985,28.1
Latin America and the Caribbean,1990,27.6
Latin America and the Caribbean,1995,27.2
Latin America and the Caribbean,2000,26.9
Latin America and the Caribbean,2005,26.9
Latin America and the Caribbean,2010,26.9
Latin America and the Caribbean,2015,27.1
Oceania (excluding Australia and New Zealand),1950,29.6
Oceania (excluding Australia and New Zealand),1955,29.6
Oceania (excluding Australia and New Zealand),1960,29.7
Oceania (excluding Australia and New Zealand),1965,29.9
Oceania (excluding Australia and New Zealand),1970,29.9
Oceania (excluding Australia and New Zealand),1975,29.9
Oceania (excluding Australia and New Zealand),1980,29.8
Oceania (excluding Australia and New Zealand),1985,29.7
Oceania (excluding Australia and New Zealand),1990,29.7
Oceania (excluding Australia and New Zealand),1995,29.6
Oceania (excluding Australia and New Zealand),2000,29.6
Oceania (excluding Australia and New Zealand),2005,29.5
Oceania (excluding Australia and New Zealand),2010,29.4
Oceania (excluding Australia and New Zealand),2015,29.3
Australia/New Zealand,1950,28.2
Australia/New Zealand,1955,27.8
Australia/New Zealand,1960,27.5
Australia/New Zealand,1965,27.4
Australia/New Zealand,1970,27.0
Australia/New Zealand,1975,26.6
Australia/New Zealand,1980,27.0
Australia/New Zealand,1985,27.6
Australia/New Zealand,1990,28.3
Australia/New Zealand,1995,28.9
Australia/New Zealand,2000,29.4
Australia/New Zealand,2005,30.0
Australia/New Zealand,2010,30.3
Australia/New Zealand,2015,30.7
Europe and Northern America,1950,28.5
Europe and Northern America,1955,28.2
Europe and Northern America,1960,27.6
Europe and Northern America,1965,27.4
Europe and Northern America,1970,26.9
Europe and Northern America,1975,26.5
Europe and Northern America,1980,26.3
Europe and Northern America,1985,26.6
Europe and Northern America,1990,26.8
Europe and Northern America,1995,27.1
Europe and Northern America,2000,27.8
Europe and Northern America,2005,28.3
Europe and Northern America,2010,28.9
Europe and Northern America,2015,29.5
More developed regions,1950,28.6
More developed regions,1955,28.3
More developed regions,1960,27.7
More developed regions,1965,27.4
More developed regions,1970,27.0
More developed regions,1975,26.6
More developed regions,1980,26.5
More developed regions,1985,26.8
More developed regions,1990,27.0
More developed regions,1995,27.4
More developed regions,2000,28.0
More developed regions,2005,28.5
More developed regions,2010,29.0
More developed regions,2015,29.7
Less developed regions,1950,29.2
Less developed regions,1955,29.3
Less developed regions,1960,29.1
Less developed regions,1965,29.3
Less developed regions,1970,29.2
Less developed regions,1975,28.9
Less developed regions,1980,28.5
Less developed regions,1985,28.1
Less developed regions,1990,27.8
Less developed regions,1995,27.4
Less developed regions,2000,27.4
Less developed regions,2005,27.6
Less developed regions,2010,27.7
Less developed regions,2015,27.9
Least developed countries,1950,29.3
Least developed countries,1955,29.3
Least developed countries,1960,29.3
Least developed countries,1965,29.3
Least developed countries,1970,29.3
Least developed countries,1975,29.4
Least developed countries,1980,29.5
Least developed countries,1985,29.5
Least developed countries,1990,29.3
Least developed countries,1995,29.1
Least developed countries,2000,28.9
Least developed countries,2005,28.9
Least developed countries,2010,28.8
Least developed countries,2015,28.7
"Less developed regions, excluding least developed countries",1950,29.2
"Less developed regions, excluding least developed countries",1955,29.3
"Less developed regions, excluding least developed countries",1960,29.1
"Less developed regions, excluding least developed countries",1965,29.3
"Less developed regions, excluding least developed countries",1970,29.2
"Less developed regions, excluding least developed countries",1975,28.8
"Less developed regions, excluding least developed countries",1980,28.3
"Less developed regions, excluding least developed countries",1985,27.8
"Less developed regions, excluding least developed countries",1990,27.5
"Less developed regions, excluding least developed countries",1995,27.1
"Less developed regions, excluding least developed countries",2000,27.1
"Less developed regions, excluding least developed countries",2005,27.4
"Less developed regions, excluding least developed countries",2010,27.5
"Less developed regions, excluding least developed countries",2015,27.8
"Less developed regions, excluding China",1950,29.0
"Less developed regions, excluding China",1955,29.0
"Less developed regions, excluding China",1960,29.0
"Less developed regions, excluding China",1965,29.0
"Less developed regions, excluding China",1970,29.0
"Less developed regions, excluding China",1975,28.8
"Less developed regions, excluding China",1980,28.6
"Less developed regions, excluding China",1985,28.5
"Less developed regions, excluding China",1990,28.3
"Less developed regions, excluding China",1995,27.9
"Less developed regions, excluding China",2000,27.8
"Less developed regions, excluding China",2005,28.0
"Less developed regions, excluding China",2010,27.9
"Less developed regions, excluding China",2015,28.0
Land-locked Developing Countries (LLDC),1950,29.6
Land-locked Developing Countries (LLDC),1955,29.7
Land-locked Developing Countries (LLDC),1960,29.6
Land-locked Developing Countries (LLDC),1965,29.6
Land-locked Developing Countries (LLDC),1970,29.5
Land-locked Developing Countries (LLDC),1975,29.5
Land-locked Developing Countries (LLDC),1980,29.5
Land-locked Developing Countries (LLDC),1985,29.3
Land-locked Developing Countries (LLDC),1990,29.0
Land-locked Developing Countries (LLDC),1995,28.8
Land-locked Developing Countries (LLDC),2000,28.7
Land-locked Developing Countries (LLDC),2005,28.8
Land-locked Developing Countries (LLDC),2010,28.7
Land-locked Developing Countries (LLDC),2015,28.6
Small Island Developing States (SIDS),1950,28.7
Small Island Developing States (SIDS),1955,28.7
Small Island Developing States (SIDS),1960,28.8
Small Island Developing States (SIDS),1965,28.8
Small Island Developing States (SIDS),1970,28.7
Small Island Developing States (SIDS),1975,28.5
Small Island Developing States (SIDS),1980,28.3
Small Island Developing States (SIDS),1985,28.2
Small Island Developing States (SIDS),1990,28.0
Small Island Developing States (SIDS),1995,27.9
Small Island Developing States (SIDS),2000,27.8
Small Island Developing States (SIDS),2005,27.9
Small Island Developing States (SIDS),2010,27.9
Small Island Developing States (SIDS),2015,28.2
High-income countries,1950,28.5
High-income countries,1955,28.2
High-income countries,1960,27.8
High-income countries,1965,27.7
High-income countries,1970,27.3
High-income countries,1975,26.9
High-income countries,1980,26.9
High-income countries,1985,27.1
High-income countries,1990,27.5
High-income countries,1995,28.0
High-income countries,2000,28.5
High-income countries,2005,28.9
High-income countries,2010,29.4
High-income countries,2015,30.1
Middle-income countries,1950,29.1
Middle-income countries,1955,29.2
Middle-income countries,1960,28.9
Middle-income countries,1965,29.1
Middle-income countries,1970,29.0
Middle-income countries,1975,28.6
Middle-income countries,1980,28.2
Middle-income countries,1985,27.7
Middle-income countries,1990,27.4
Middle-income countries,1995,27.0
Middle-income countries,2000,27.0
Middle-income countries,2005,27.3
Middle-income countries,2010,27.5
Middle-income countries,2015,27.7
Upper-middle-income countries,1950,29.5
Upper-middle-income countries,1955,29.6
Upper-middle-income countries,1960,29.1
Upper-middle-income countries,1965,29.3
Upper-middle-income countries,1970,29.3
Upper-middle-income countries,1975,28.8
Upper-middle-income countries,1980,27.9
Upper-middle-income countries,1985,27.1
Upper-middle-income countries,1990,26.5
Upper-middle-income countries,1995,26.2
Upper-middle-income countries,2000,26.5
Upper-middle-income countries,2005,26.7
Upper-middle-income countries,2010,27.3
Upper-middle-income countries,2015,27.7
Lower-middle-income countries,1950,28.8
Lower-middle-income countries,1955,28.8
Lower-middle-income countries,1960,28.8
Lower-middle-income countries,1965,28.8
Lower-middle-income countries,1970,28.7
Lower-middle-income countries,1975,28.5
Lower-middle-income countries,1980,28.4
Lower-middle-income countries,1985,28.2
Lower-middle-income countries,1990,28.1
Lower-middle-income countries,1995,27.6
Lower-middle-income countries,2000,27.6
Lower-middle-income countries,2005,27.8
Lower-middle-income countries,2010,27.7
Lower-middle-income countries,2015,27.9
Low-income countries,1950,29.7
Low-income countries,1955,29.8
Low-income countries,1960,29.7
Low-income countries,1965,29.7
Low-income countries,1970,29.6
Low-income countries,1975,29.6
Low-income countries,1980,29.7
Low-income countries,1985,29.8
Low-income countries,1990,29.8
Low-income countries,1995,29.7
Low-income countries,2000,29.5
Low-income countries,2005,29.4
Low-income countries,2010,29.3
Low-income countries,2015,29.3
No income group available,1950,28.5
No income group available,1955,28.7
No income group available,1960,28.6
No income group available,1965,28.9
No income group available,1970,28.8
No income group available,1975,28.5
No income group available,1980,28.2
No income group available,1985,28.3
No income group available,1990,27.5
No income group available,1995,27.2
No income group available,2000,26.8
No income group available,2005,26.5
No income group available,2010,26.3
No income group available,2015,26.3
AFRICA,1950,29.5
AFRICA,1955,29.6
AFRICA,1960,29.5
AFRICA,1965,29.5
AFRICA,1970,29.5
AFRICA,1975,29.6
AFRICA,1980,29.7
AFRICA,1985,29.7
AFRICA,1990,29.7
AFRICA,1995,29.5
AFRICA,2000,29.4
AFRICA,2005,29.4
AFRICA,2010,29.3
AFRICA,2015,29.1
Eastern Africa,1950,30.1
Eastern Africa,1955,30.1
Eastern Africa,1960,30.1
Eastern Africa,1965,30.0
Eastern Africa,1970,29.9
Eastern Africa,1975,29.9
Eastern Africa,1980,30.0
Eastern Africa,1985,29.9
Eastern Africa,1990,29.8
Eastern Africa,1995,29.6
Eastern Africa,2000,29.5
Eastern Africa,2005,29.3
Eastern Africa,2010,29.3
Eastern Africa,2015,29.1
Burundi,1950,31.0
Burundi,1955,31.1
Burundi,1960,31.2
Burundi,1965,31.3
Burundi,1970,31.3
Burundi,1975,31.3
Burundi,1980,31.1
Burundi,1985,31.4
Burundi,1990,31.3
Burundi,1995,31.2
Burundi,2000,31.1
Burundi,2005,30.9
Burundi,2010,30.7
Burundi,2015,30.9
Comoros,1950,29.4
Comoros,1955,29.7
Comoros,1960,29.9
Comoros,1965,30.1
Comoros,1970,30.1
Comoros,1975,30.4
Comoros,1980,30.5
Comoros,1985,30.9
Comoros,1990,31.0
Comoros,1995,30.5
Comoros,2000,30.4
Comoros,2005,30.2
Comoros,2010,30.2
Comoros,2015,30.6
Djibouti,1950,31.3
Djibouti,1955,31.4
Djibouti,1960,31.5
Djibouti,1965,31.6
Djibouti,1970,31.8
Djibouti,1975,31.9
Djibouti,1980,31.9
Djibouti,1985,31.9
Djibouti,1990,32.1
Djibouti,1995,32.0
Djibouti,2000,32.1
Djibouti,2005,31.9
Djibouti,2010,31.9
Djibouti,2015,31.6
Eritrea,1950,30.3
Eritrea,1955,30.3
Eritrea,1960,30.4
Eritrea,1965,30.4
Eritrea,1970,30.6
Eritrea,1975,30.9
Eritrea,1980,31.2
Eritrea,1985,31.2
Eritrea,1990,30.9
Eritrea,1995,30.4
Eritrea,2000,30.6
Eritrea,2005,29.9
Eritrea,2010,29.7
Eritrea,2015,29.6
Ethiopia,1950,31.4
Ethiopia,1955,31.3
Ethiopia,1960,31.2
Ethiopia,1965,30.8
Ethiopia,1970,30.2
Ethiopia,1975,30.0
Ethiopia,1980,30.2
Ethiopia,1985,30.0
Ethiopia,1990,29.8
Ethiopia,1995,29.9
Ethiopia,2000,29.7
Ethiopia,2005,29.5
Ethiopia,2010,29.7
Ethiopia,2015,29.7
Kenya,1950,29.6
Kenya,1955,29.6
Kenya,1960,29.6
Kenya,1965,29.7
Kenya,1970,29.8
Kenya,1975,29.8
Kenya,1980,29.6
Kenya,1985,29.4
Kenya,1990,29.3
Kenya,1995,28.9
Kenya,2000,29.0
Kenya,2005,28.8
Kenya,2010,28.8
Kenya,2015,28.6
Madagascar,1950,28.8
Madagascar,1955,28.7
Madagascar,1960,28.8
Madagascar,1965,29.3
Madagascar,1970,29.0
Madagascar,1975,29.3
Madagascar,1980,29.4
Madagascar,1985,29.5
Madagascar,1990,29.3
Madagascar,1995,28.9
Madagascar,2000,28.5
Madagascar,2005,28.4
Madagascar,2010,28.3
Madagascar,2015,28.0
Malawi,1950,29.7
Malawi,1955,29.8
Malawi,1960,29.9
Malawi,1965,29.9
Malawi,1970,30.0
Malawi,1975,29.9
Malawi,1980,30.0
Malawi,1985,30.1
Malawi,1990,30.0
Malawi,1995,29.6
Malawi,2000,29.1
Malawi,2005,29.0
Malawi,2010,28.8
Malawi,2015,28.2
Mauritius,1950,28.5
Mauritius,1955,28.4
Mauritius,1960,28.5
Mauritius,1965,28.8
Mauritius,1970,28.6
Mauritius,1975,28.0
Mauritius,1980,27.5
Mauritius,1985,27.3
Mauritius,1990,27.0
Mauritius,1995,27.0
Mauritius,2000,27.1
Mauritius,2005,27.2
Mauritius,2010,27.4
Mauritius,2015,28.3
Mayotte,1950,29.7
Mayotte,1955,29.8
Mayotte,1960,29.8
Mayotte,1965,29.9
Mayotte,1970,30.0
Mayotte,1975,30.1
Mayotte,1980,30.0
Mayotte,1985,29.8
Mayotte,1990,29.6
Mayotte,1995,29.5
Mayotte,2000,29.3
Mayotte,2005,29.4
Mayotte,2010,29.5
Mayotte,2015,29.9
Mozambique,1950,29.6
Mozambique,1955,29.6
Mozambique,1960,29.7
Mozambique,1965,29.8
Mozambique,1970,29.7
Mozambique,1975,29.3
Mozambique,1980,29.0
Mozambique,1985,29.2
Mozambique,1990,29.3
Mozambique,1995,29.1
Mozambique,2000,29.0
Mozambique,2005,28.9
Mozambique,2010,28.8
Mozambique,2015,28.3
Réunion,1950,30.6
Réunion,1955,30.6
Réunion,1960,30.2
Réunion,1965,30.3
Réunion,1970,29.1
Réunion,1975,28.7
Réunion,1980,28.5
Réunion,1985,27.7
Réunion,1990,28.0
Réunion,1995,28.1
Réunion,2000,28.2
Réunion,2005,28.4
Réunion,2010,28.7
Réunion,2015,29.1
Rwanda,1950,31.2
Rwanda,1955,31.3
Rwanda,1960,31.4
Rwanda,1965,31.6
Rwanda,1970,31.7
Rwanda,1975,31.9
Rwanda,1980,31.8
Rwanda,1985,31.9
Rwanda,1990,31.5
Rwanda,1995,31.2
Rwanda,2000,31.1
Rwanda,2005,31.1
Rwanda,2010,30.5
Rwanda,2015,30.6
Seychelles,1950,28.8
Seychelles,1955,28.9
Seychelles,1960,29.0
Seychelles,1965,28.7
Seychelles,1970,28.4
Seychelles,1975,28.0
Seychelles,1980,27.6
Seychelles,1985,27.7
Seychelles,1990,27.4
Seychelles,1995,27.2
Seychelles,2000,27.3
Seychelles,2005,27.4
Seychelles,2010,27.3
Seychelles,2015,27.8
Somalia,1950,31.3
Somalia,1955,31.4
Somalia,1960,31.4
Somalia,1965,31.5
Somalia,1970,31.6
Somalia,1975,31.5
Somalia,1980,31.5
Somalia,1985,31.1
Somalia,1990,30.9
Somalia,1995,31.1
Somalia,2000,30.8
Somalia,2005,30.4
Somalia,2010,30.1
Somalia,2015,29.7
South Sudan,1950,29.9
South Sudan,1955,29.9
South Sudan,1960,29.9
South Sudan,1965,29.9
South Sudan,1970,29.9
South Sudan,1975,29.9
South Sudan,1980,29.9
South Sudan,1985,30.3
South Sudan,1990,30.6
South Sudan,1995,31.0
South Sudan,2000,31.1
South Sudan,2005,30.7
South Sudan,2010,30.3
South Sudan,2015,30.0
Uganda,1950,28.7
Uganda,1955,28.7
Uganda,1960,28.8
Uganda,1965,28.7
Uganda,1970,28.9
Uganda,1975,29.1
Uganda,1980,29.2
Uganda,1985,29.1
Uganda,1990,29.0
Uganda,1995,28.8
Uganda,2000,29.0
Uganda,2005,29.2
Uganda,2010,29.1
Uganda,2015,28.9
United Republic of Tanzania,1950,29.3
United Republic of Tanzania,1955,29.3
United Republic of Tanzania,1960,29.3
United Republic of Tanzania,1965,29.3
United Republic of Tanzania,1970,29.4
United Republic of Tanzania,1975,29.5
United Republic of Tanzania,1980,29.8
United Republic of Tanzania,1985,29.8
United Republic of Tanzania,1990,29.6
United Republic of Tanzania,1995,29.5
United Republic of Tanzania,2000,29.2
United Republic of Tanzania,2005,29.1
United Republic of Tanzania,2010,29.2
United Republic of Tanzania,2015,28.9
Zambia,1950,29.2
Zambia,1955,29.2
Zambia,1960,29.2
Zambia,1965,29.2
Zambia,1970,29.2
Zambia,1975,29.4
Zambia,1980,29.8
Zambia,1985,29.6
Zambia,1990,29.5
Zambia,1995,29.0
Zambia,2000,28.8
Zambia,2005,29.1
Zambia,2010,29.0
Zambia,2015,28.7
Zimbabwe,1950,29.6
Zimbabwe,1955,29.7
Zimbabwe,1960,29.7
Zimbabwe,1965,29.9
Zimbabwe,1970,29.8
Zimbabwe,1975,29.6
Zimbabwe,1980,29.6
Zimbabwe,1985,29.5
Zimbabwe,1990,29.4
Zimbabwe,1995,28.8
Zimbabwe,2000,28.4
Zimbabwe,2005,28.0
Zimbabwe,2010,28.0
Zimbabwe,2015,28.0
Middle Africa,1950,28.8
Middle Africa,1955,28.9
Middle Africa,1960,28.9
Middle Africa,1965,29.0
Middle Africa,1970,29.1
Middle Africa,1975,29.2
Middle Africa,1980,29.3
Middle Africa,1985,29.3
Middle Africa,1990,29.5
Middle Africa,1995,29.6
Middle Africa,2000,29.5
Middle Africa,2005,29.5
Middle Africa,2010,29.4
Middle Africa,2015,29.4
Angola,1950,29.3
Angola,1955,29.5
Angola,1960,29.6
Angola,1965,29.8
Angola,1970,29.9
Angola,1975,29.8
Angola,1980,29.8
Angola,1985,29.6
Angola,1990,29.4
Angola,1995,29.2
Angola,2000,29.2
Angola,2005,29.2
Angola,2010,29.2
Angola,2015,29.0
Cameroon,1950,28.5
Cameroon,1955,28.4
Cameroon,1960,28.2
Cameroon,1965,28.2
Cameroon,1970,28.4
Cameroon,1975,28.5
Cameroon,1980,28.6
Cameroon,1985,28.5
Cameroon,1990,28.6
Cameroon,1995,28.7
Cameroon,2000,28.4
Cameroon,2005,28.6
Cameroon,2010,28.5
Cameroon,2015,28.5
Central African Republic,1950,28.2
Central African Republic,1955,28.2
Central African Republic,1960,28.2
Central African Republic,1965,28.2
Central African Republic,1970,28.3
Central African Republic,1975,28.6
Central African Republic,1980,29.0
Central African Republic,1985,29.0
Central African Republic,1990,28.8
Central African Republic,1995,28.8
Central African Republic,2000,29.1
Central African Republic,2005,29.2
Central African Republic,2010,29.0
Central African Republic,2015,29.0
Chad,1950,28.1
Chad,1955,28.1
Chad,1960,28.1
Chad,1965,28.1
Chad,1970,28.0
Chad,1975,28.0
Chad,1980,28.0
Chad,1985,27.9
Chad,1990,28.1
Chad,1995,28.2
Chad,2000,28.6
Chad,2005,28.9
Chad,2010,29.0
Chad,2015,29.2
Congo,1950,29.3
Congo,1955,29.4
Congo,1960,29.3
Congo,1965,29.4
Congo,1970,29.5
Congo,1975,29.4
Congo,1980,29.4
Congo,1985,29.2
Congo,1990,29.1
Congo,1995,29.1
Congo,2000,28.9
Congo,2005,28.9
Congo,2010,28.8
Congo,2015,28.9
Democratic Republic of the Congo,1950,29.0
Democratic Republic of the Congo,1955,29.2
Democratic Republic of the Congo,1960,29.2
Democratic Republic of the Congo,1965,29.3
Democratic Republic of the Congo,1970,29.4
Democratic Republic of the Congo,1975,29.5
Democratic Republic of the Congo,1980,29.6
Democratic Republic of the Congo,1985,29.7
Democratic Republic of the Congo,1990,30.1
Democratic Republic of the Congo,1995,30.2
Democratic Republic of the Congo,2000,30.1
Democratic Republic of the Congo,2005,30.0
Democratic Republic of the Congo,2010,29.8
Democratic Republic of the Congo,2015,30.0
Equatorial Guinea,1950,28.7
Equatorial Guinea,1955,28.6
Equatorial Guinea,1960,28.6
Equatorial Guinea,1965,28.6
Equatorial Guinea,1970,28.5
Equatorial Guinea,1975,28.5
Equatorial Guinea,1980,28.4
Equatorial Guinea,1985,28.5
Equatorial Guinea,1990,28.7
Equatorial Guinea,1995,28.9
Equatorial Guinea,2000,28.8
Equatorial Guinea,2005,28.6
Equatorial Guinea,2010,28.4
Equatorial Guinea,2015,28.3
Gabon,1950,27.6
Gabon,1955,27.6
Gabon,1960,27.7
Gabon,1965,27.8
Gabon,1970,27.9
Gabon,1975,28.0
Gabon,1980,28.2
Gabon,1985,28.4
Gabon,1990,28.5
Gabon,1995,28.4
Gabon,2000,28.3
Gabon,2005,28.6
Gabon,2010,28.6
Gabon,2015,28.6
Sao Tome and Principe,1950,28.1
Sao Tome and Principe,1955,28.1
Sao Tome and Principe,1960,28.3
Sao Tome and Principe,1965,28.9
Sao Tome and Principe,1970,29.6
Sao Tome and Principe,1975,30.0
Sao Tome and Principe,1980,29.3
Sao Tome and Principe,1985,29.0
Sao Tome and Principe,1990,29.1
Sao Tome and Principe,1995,29.0
Sao Tome and Principe,2000,28.7
Sao Tome and Principe,2005,28.8
Sao Tome and Principe,2010,28.5
Sao Tome and Principe,2015,28.7
Northern Africa,1950,29.0
Northern Africa,1955,29.0
Northern Africa,1960,29.1
Northern Africa,1965,29.1
Northern Africa,1970,29.3
Northern Africa,1975,29.5
Northern Africa,1980,29.7
Northern Africa,1985,29.9
Northern Africa,1990,30.0
Northern Africa,1995,29.7
Northern Africa,2000,29.5
Northern Africa,2005,29.5
Northern Africa,2010,29.3
Northern Africa,2015,29.2
Algeria,1950,29.9
Algeria,1955,30.0
Algeria,1960,30.1
Algeria,1965,30.2
Algeria,1970,30.4
Algeria,1975,30.6
Algeria,1980,30.6
Algeria,1985,31.1
Algeria,1990,31.5
Algeria,1995,31.4
Algeria,2000,31.8
Algeria,2005,31.8
Algeria,2010,31.7
Algeria,2015,31.7
Egypt,1950,28.6
Egypt,1955,28.5
Egypt,1960,28.5
Egypt,1965,28.5
Egypt,1970,28.5
Egypt,1975,28.4
Egypt,1980,28.5
Egypt,1985,28.4
Egypt,1990,28.4
Egypt,1995,28.0
Egypt,2000,27.8
Egypt,2005,27.7
Egypt,2010,27.6
Egypt,2015,27.7
Libya,1950,30.8
Libya,1955,30.8
Libya,1960,30.8
Libya,1965,30.8
Libya,1970,30.8
Libya,1975,30.8
Libya,1980,30.8
Libya,1985,31.8
Libya,1990,32.6
Libya,1995,33.0
Libya,2000,33.0
Libya,2005,32.7
Libya,2010,32.2
Libya,2015,32.0
Morocco,1950,28.7
Morocco,1955,28.7
Morocco,1960,28.9
Morocco,1965,29.4
Morocco,1970,29.8
Morocco,1975,30.1
Morocco,1980,30.6
Morocco,1985,31.0
Morocco,1990,31.2
Morocco,1995,30.8
Morocco,2000,30.3
Morocco,2005,30.3
Morocco,2010,30.4
Morocco,2015,30.3
Sudan,1950,29.1
Sudan,1955,29.1
Sudan,1960,28.8
Sudan,1965,28.6
Sudan,1970,28.9
Sudan,1975,29.5
Sudan,1980,29.8
Sudan,1985,30.2
Sudan,1990,30.3
Sudan,1995,30.1
Sudan,2000,29.9
Sudan,2005,30.3
Sudan,2010,29.8
Sudan,2015,29.7
Tunisia,1950,29.9
Tunisia,1955,30.0
Tunisia,1960,30.2
Tunisia,1965,30.5
Tunisia,1970,30.7
Tunisia,1975,30.7
Tunisia,1980,30.5
Tunisia,1985,30.4
Tunisia,1990,30.4
Tunisia,1995,30.5
Tunisia,2000,30.6
Tunisia,2005,31.1
Tunisia,2010,31.1
Tunisia,2015,30.9
Western Sahara,1950,29.4
Western Sahara,1955,29.4
Western Sahara,1960,29.4
Western Sahara,1965,29.5
Western Sahara,1970,29.5
Western Sahara,1975,29.4
Western Sahara,1980,29.2
Western Sahara,1985,29.2
Western Sahara,1990,29.4
Western Sahara,1995,29.9
Western Sahara,2000,30.5
Western Sahara,2005,30.6
Western Sahara,2010,30.4
Western Sahara,2015,30.2
Southern Africa,1950,29.9
Southern Africa,1955,30.0
Southern Africa,1960,30.0
Southern Africa,1965,30.0
Southern Africa,1970,29.9
Southern Africa,1975,29.6
Southern Africa,1980,29.4
Southern Africa,1985,29.2
Southern Africa,1990,28.9
Southern Africa,1995,28.6
Southern Africa,2000,28.1
Southern Africa,2005,28.5
Southern Africa,2010,28.0
Southern Africa,2015,27.5
Botswana,1950,30.1
Botswana,1955,30.1
Botswana,1960,30.1
Botswana,1965,30.1
Botswana,1970,30.1
Botswana,1975,30.0
Botswana,1980,30.0
Botswana,1985,29.6
Botswana,1990,29.5
Botswana,1995,29.1
Botswana,2000,28.6
Botswana,2005,28.4
Botswana,2010,28.7
Botswana,2015,28.6
Eswatini,1950,29.3
Eswatini,1955,29.3
Eswatini,1960,29.3
Eswatini,1965,29.3
Eswatini,1970,29.3
Eswatini,1975,29.3
Eswatini,1980,29.2
Eswatini,1985,29.4
Eswatini,1990,29.0
Eswatini,1995,28.8
Eswatini,2000,28.5
Eswatini,2005,28.4
Eswatini,2010,28.4
Eswatini,2015,28.2
Lesotho,1950,30.4
Lesotho,1955,30.5
Lesotho,1960,30.3
Lesotho,1965,30.2
Lesotho,1970,30.2
Lesotho,1975,29.9
Lesotho,1980,29.9
Lesotho,1985,29.9
Lesotho,1990,29.7
Lesotho,1995,29.5
Lesotho,2000,29.2
Lesotho,2005,28.6
Lesotho,2010,28.4
Lesotho,2015,28.3
Namibia,1950,30.3
Namibia,1955,30.4
Namibia,1960,30.6
Namibia,1965,30.7
Namibia,1970,30.8
Namibia,1975,30.8
Namibia,1980,30.8
Namibia,1985,30.7
Namibia,1990,30.2
Namibia,1995,29.9
Namibia,2000,29.6
Namibia,2005,29.1
Namibia,2010,29.2
Namibia,2015,29.3
South Africa,1950,29.9
South Africa,1955,30.0
South Africa,1960,30.0
South Africa,1965,30.0
South Africa,1970,29.9
South Africa,1975,29.6
South Africa,1980,29.3
South Africa,1985,29.1
South Africa,1990,28.8
South Africa,1995,28.5
South Africa,2000,28.0
South Africa,2005,28.5
South Africa,2010,27.9
South Africa,2015,27.3
Western Africa,1950,29.6
Western Africa,1955,29.6
Western Africa,1960,29.4
Western Africa,1965,29.3
Western Africa,1970,29.4
Western Africa,1975,29.5
Western Africa,1980,29.5
Western Africa,1985,29.5
Western Africa,1990,29.7
Western Africa,1995,29.6
Western Africa,2000,29.6
Western Africa,2005,29.7
Western Africa,2010,29.6
Western Africa,2015,29.4
Benin,1950,29.7
Benin,1955,29.7
Benin,1960,29.6
Benin,1965,29.7
Benin,1970,29.9
Benin,1975,29.9
Benin,1980,30.0
Benin,1985,30.3
Benin,1990,30.1
Benin,1995,29.8
Benin,2000,29.5
Benin,2005,29.3
Benin,2010,29.3
Benin,2015,29.3
Burkina Faso,1950,29.0
Burkina Faso,1955,29.1
Burkina Faso,1960,29.1
Burkina Faso,1965,29.2
Burkina Faso,1970,29.4
Burkina Faso,1975,29.7
Burkina Faso,1980,30.0
Burkina Faso,1985,30.0
Burkina Faso,1990,29.9
Burkina Faso,1995,29.7
Burkina Faso,2000,29.7
Burkina Faso,2005,29.7
Burkina Faso,2010,29.3
Burkina Faso,2015,29.1
Cabo Verde,1950,30.4
Cabo Verde,1955,30.5
Cabo Verde,1960,30.5
Cabo Verde,1965,30.6
Cabo Verde,1970,30.6
Cabo Verde,1975,30.5
Cabo Verde,1980,30.2
Cabo Verde,1985,29.7
Cabo Verde,1990,29.1
Cabo Verde,1995,28.5
Cabo Verde,2000,28.3
Cabo Verde,2005,27.6
Cabo Verde,2010,27.4
Cabo Verde,2015,27.6
Côte d'Ivoire,1950,29.5
Côte d'Ivoire,1955,29.5
Côte d'Ivoire,1960,29.4
Côte d'Ivoire,1965,29.4
Côte d'Ivoire,1970,29.6
Côte d'Ivoire,1975,29.5
Côte d'Ivoire,1980,29.4
Côte d'Ivoire,1985,29.4
Côte d'Ivoire,1990,29.4
Côte d'Ivoire,1995,29.4
Côte d'Ivoire,2000,29.2
Côte d'Ivoire,2005,29.0
Côte d'Ivoire,2010,29.2
Côte d'Ivoire,2015,29.1
Gambia,1950,27.8
Gambia,1955,27.8
Gambia,1960,27.8
Gambia,1965,27.7
Gambia,1970,27.7
Gambia,1975,27.9
Gambia,1980,28.3
Gambia,1985,28.7
Gambia,1990,29.0
Gambia,1995,29.2
Gambia,2000,29.5
Gambia,2005,30.0
Gambia,2010,30.1
Gambia,2015,30.3
Ghana,1950,30.0
Ghana,1955,30.1
Ghana,1960,29.9
Ghana,1965,30.0
Ghana,1970,30.3
Ghana,1975,30.4
Ghana,1980,30.3
Ghana,1985,30.3
Ghana,1990,30.1
Ghana,1995,30.1
Ghana,2000,30.2
Ghana,2005,30.1
Ghana,2010,30.1
Ghana,2015,29.8
Guinea,1950,29.0
Guinea,1955,29.0
Guinea,1960,29.1
Guinea,1965,29.1
Guinea,1970,29.1
Guinea,1975,29.5
Guinea,1980,29.7
Guinea,1985,29.6
Guinea,1990,29.6
Guinea,1995,29.4
Guinea,2000,29.2
Guinea,2005,29.4
Guinea,2010,29.1
Guinea,2015,29.1
Guinea-Bissau,1950,29.9
Guinea-Bissau,1955,29.9
Guinea-Bissau,1960,29.9
Guinea-Bissau,1965,29.9
Guinea-Bissau,1970,29.9
Guinea-Bissau,1975,29.9
Guinea-Bissau,1980,29.9
Guinea-Bissau,1985,29.9
Guinea-Bissau,1990,29.9
Guinea-Bissau,1995,29.9
Guinea-Bissau,2000,29.7
Guinea-Bissau,2005,29.8
Guinea-Bissau,2010,29.9
Guinea-Bissau,2015,29.8
Liberia,1950,29.0
Liberia,1955,29.0
Liberia,1960,29.0
Liberia,1965,29.2
Liberia,1970,28.9
Liberia,1975,29.3
Liberia,1980,29.3
Liberia,1985,29.2
Liberia,1990,29.5
Liberia,1995,29.6
Liberia,2000,29.6
Liberia,2005,29.2
Liberia,2010,28.7
Liberia,2015,28.5
Mali,1950,28.7
Mali,1955,28.7
Mali,1960,28.7
Mali,1965,29.0
Mali,1970,29.4
Mali,1975,29.4
Mali,1980,29.3
Mali,1985,29.3
Mali,1990,29.6
Mali,1995,29.4
Mali,2000,29.2
Mali,2005,28.9
Mali,2010,29.2
Mali,2015,29.0
Mauritania,1950,30.3
Mauritania,1955,30.4
Mauritania,1960,30.3
Mauritania,1965,30.4
Mauritania,1970,30.5
Mauritania,1975,30.3
Mauritania,1980,30.4
Mauritania,1985,30.6
Mauritania,1990,30.5
Mauritania,1995,30.5
Mauritania,2000,30.7
Mauritania,2005,30.4
Mauritania,2010,30.2
Mauritania,2015,30.1
Niger,1950,28.9
Niger,1955,28.9
Niger,1960,28.9
Niger,1965,29.1
Niger,1970,29.2
Niger,1975,29.2
Niger,1980,29.1
Niger,1985,29.1
Niger,1990,29.1
Niger,1995,29.2
Niger,2000,29.3
Niger,2005,29.3
Niger,2010,29.3
Niger,2015,29.4
Nigeria,1950,30.1
Nigeria,1955,30.1
Nigeria,1960,29.7
Nigeria,1965,29.3
Nigeria,1970,29.3
Nigeria,1975,29.2
Nigeria,1980,29.4
Nigeria,1985,29.4
Nigeria,1990,29.7
Nigeria,1995,29.4
Nigeria,2000,29.6
Nigeria,2005,29.8
Nigeria,2010,29.8
Nigeria,2015,29.5
Saint Helena,1950,28.2
Saint Helena,1955,28.0
Saint Helena,1960,27.7
Saint Helena,1965,27.3
Saint Helena,1970,27.1
Saint Helena,1975,27.0
Saint Helena,1980,27.1
Saint Helena,1985,27.3
Saint Helena,1990,27.7
Saint Helena,1995,28.1
Saint Helena,2000,28.6
Saint Helena,2005,29.1
Saint Helena,2010,29.5
Saint Helena,2015,29.9
Senegal,1950,28.5
Senegal,1955,28.5
Senegal,1960,28.9
Senegal,1965,29.4
Senegal,1970,29.7
Senegal,1975,29.7
Senegal,1980,29.9
Senegal,1985,30.0
Senegal,1990,30.2
Senegal,1995,30.3
Senegal,2000,30.3
Senegal,2005,30.1
Senegal,2010,30.3
Senegal,2015,30.4
Sierra Leone,1950,27.6
Sierra Leone,1955,27.5
Sierra Leone,1960,27.4
Sierra Leone,1965,27.4
Sierra Leone,1970,27.7
Sierra Leone,1975,28.3
Sierra Leone,1980,28.8
Sierra Leone,1985,29.1
Sierra Leone,1990,29.6
Sierra Leone,1995,29.9
Sierra Leone,2000,29.7
Sierra Leone,2005,29.4
Sierra Leone,2010,29.2
Sierra Leone,2015,28.7
Togo,1950,29.1
Togo,1955,29.1
Togo,1960,29.3
Togo,1965,29.6
Togo,1970,30.4
Togo,1975,30.8
Togo,1980,30.7
Togo,1985,30.5
Togo,1990,30.3
Togo,1995,30.2
Togo,2000,29.8
Togo,2005,29.8
Togo,2010,29.7
Togo,2015,29.2
ASIA,1950,29.3
ASIA,1955,29.3
ASIA,1960,29.0
ASIA,1965,29.2
ASIA,1970,29.1
ASIA,1975,28.6
ASIA,1980,28.0
ASIA,1985,27.5
ASIA,1990,27.2
ASIA,1995,26.8
ASIA,2000,26.9
ASIA,2005,27.2
ASIA,2010,27.4
ASIA,2015,27.7
Central Asia,1950,29.1
Central Asia,1955,29.3
Central Asia,1960,29.5
Central Asia,1965,29.5
Central Asia,1970,29.4
Central Asia,1975,29.2
Central Asia,1980,28.7
Central Asia,1985,28.2
Central Asia,1990,27.3
Central Asia,1995,26.6
Central Asia,2000,27.1
Central Asia,2005,27.6
Central Asia,2010,27.4
Central Asia,2015,27.2
Kazakhstan,1950,28.4
Kazakhstan,1955,28.4
Kazakhstan,1960,28.4
Kazakhstan,1965,28.2
Kazakhstan,1970,27.8
Kazakhstan,1975,27.7
Kazakhstan,1980,27.4
Kazakhstan,1985,27.4
Kazakhstan,1990,26.4
Kazakhstan,1995,26.0
Kazakhstan,2000,26.7
Kazakhstan,2005,27.8
Kazakhstan,2010,28.3
Kazakhstan,2015,28.2
Kyrgyzstan,1950,28.4
Kyrgyzstan,1955,28.6
Kyrgyzstan,1960,28.8
Kyrgyzstan,1965,28.8
Kyrgyzstan,1970,28.6
Kyrgyzstan,1975,28.5
Kyrgyzstan,1980,28.4
Kyrgyzstan,1985,28.2
Kyrgyzstan,1990,27.3
Kyrgyzstan,1995,26.9
Kyrgyzstan,2000,27.4
Kyrgyzstan,2005,27.9
Kyrgyzstan,2010,28.2
Kyrgyzstan,2015,28.0
Tajikistan,1950,30.6
Tajikistan,1955,30.6
Tajikistan,1960,30.6
Tajikistan,1965,30.6
Tajikistan,1970,30.6
Tajikistan,1975,30.4
Tajikistan,1980,29.9
Tajikistan,1985,29.3
Tajikistan,1990,28.6
Tajikistan,1995,27.6
Tajikistan,2000,28.2
Tajikistan,2005,27.8
Tajikistan,2010,27.2
Tajikistan,2015,26.5
Turkmenistan,1950,30.6
Turkmenistan,1955,30.6
Turkmenistan,1960,30.6
Turkmenistan,1965,30.6
Turkmenistan,1970,30.6
Turkmenistan,1975,30.3
Turkmenistan,1980,29.9
Turkmenistan,1985,29.4
Turkmenistan,1990,28.9
Turkmenistan,1995,28.0
Turkmenistan,2000,27.5
Turkmenistan,2005,27.8
Turkmenistan,2010,27.9
Turkmenistan,2015,27.9
Uzbekistan,1950,29.4
Uzbekistan,1955,29.6
Uzbekistan,1960,30.0
Uzbekistan,1965,30.2
Uzbekistan,1970,30.0
Uzbekistan,1975,29.8
Uzbekistan,1980,29.0
Uzbekistan,1985,28.4
Uzbekistan,1990,27.3
Uzbekistan,1995,26.3
Uzbekistan,2000,26.8
Uzbekistan,2005,27.3
Uzbekistan,2010,26.6
Uzbekistan,2015,26.6
Eastern Asia,1950,29.8
Eastern Asia,1955,29.8
Eastern Asia,1960,29.3
Eastern Asia,1965,29.6
Eastern Asia,1970,29.5
Eastern Asia,1975,28.9
Eastern Asia,1980,27.8
Eastern Asia,1985,26.5
Eastern Asia,1990,26.1
Eastern Asia,1995,25.9
Eastern Asia,2000,26.4
Eastern Asia,2005,26.8
Eastern Asia,2010,27.7
Eastern Asia,2015,28.4
China,1950,29.8
China,1955,29.9
China,1960,29.4
China,1965,29.8
China,1970,29.7
China,1975,29.2
China,1980,27.9
China,1985,26.4
China,1990,25.9
China,1995,25.5
China,2000,26.1
China,2005,26.5
China,2010,27.5
China,2015,28.1
"China, Hong Kong SAR",1950,29.1
"China, Hong Kong SAR",1955,29.2
"China, Hong Kong SAR",1960,29.3
"China, Hong Kong SAR",1965,28.8
"China, Hong Kong SAR",1970,29.4
"China, Hong Kong SAR",1975,28.8
"China, Hong Kong SAR",1980,28.4
"China, Hong Kong SAR",1985,28.8
"China, Hong Kong SAR",1990,29.5
"China, Hong Kong SAR",1995,29.6
"China, Hong Kong SAR",2000,30.1
"China, Hong Kong SAR",2005,30.4
"China, Hong Kong SAR",2010,31.3
"China, Hong Kong SAR",2015,32.0
"China, Macao SAR",1950,30.5
"China, Macao SAR",1955,30.3
"China, Macao SAR",1960,30.7
"China, Macao SAR",1965,30.9
"China, Macao SAR",1970,31.0
"China, Macao SAR",1975,30.6
"China, Macao SAR",1980,29.5
"China, Macao SAR",1985,28.5
"China, Macao SAR",1990,29.1
"China, Macao SAR",1995,29.1
"China, Macao SAR",2000,29.5
"China, Macao SAR",2005,30.0
"China, Macao SAR",2010,30.2
"China, Macao SAR",2015,30.5
"China, Taiwan Province of China",1950,30.6
"China, Taiwan Province of China",1955,30.5
"China, Taiwan Province of China",1960,29.9
"China, Taiwan Province of China",1965,28.6
"China, Taiwan Province of China",1970,27.6
"China, Taiwan Province of China",1975,26.7
"China, Taiwan Province of China",1980,26.2
"China, Taiwan Province of China",1985,26.4
"China, Taiwan Province of China",1990,27.1
"China, Taiwan Province of China",1995,27.6
"China, Taiwan Province of China",2000,28.2
"China, Taiwan Province of China",2005,28.8
"China, Taiwan Province of China",2010,30.4
"China, Taiwan Province of China",2015,31.2
Dem. People's Republic of Korea,1950,29.1
Dem. People's Republic of Korea,1955,28.6
Dem. People's Republic of Korea,1960,28.7
Dem. People's Republic of Korea,1965,28.7
Dem. People's Republic of Korea,1970,28.9
Dem. People's Republic of Korea,1975,28.6
Dem. People's Republic of Korea,1980,28.6
Dem. People's Republic of Korea,1985,28.5
Dem. People's Republic of Korea,1990,28.4
Dem. People's Republic of Korea,1995,28.5
Dem. People's Republic of Korea,2000,28.6
Dem. People's Republic of Korea,2005,28.7
Dem. People's Republic of Korea,2010,28.7
Dem. People's Republic of Korea,2015,28.8
Japan,1950,29.7
Japan,1955,28.9
Japan,1960,27.9
Japan,1965,27.7
Japan,1970,27.8
Japan,1975,27.4
Japan,1980,27.8
Japan,1985,28.3
Japan,1990,28.9
Japan,1995,29.4
Japan,2000,29.6
Japan,2005,30.0
Japan,2010,30.5
Japan,2015,31.2
Mongolia,1950,30.2
Mongolia,1955,30.5
Mongolia,1960,30.6
Mongolia,1965,30.7
Mongolia,1970,30.7
Mongolia,1975,30.7
Mongolia,1980,30.6
Mongolia,1985,29.7
Mongolia,1990,28.8
Mongolia,1995,27.8
Mongolia,2000,27.8
Mongolia,2005,28.2
Mongolia,2010,28.8
Mongolia,2015,29.0
Republic of Korea,1950,30.5
Republic of Korea,1955,30.5
Republic of Korea,1960,30.4
Republic of Korea,1965,30.1
Republic of Korea,1970,29.9
Republic of Korea,1975,28.5
Republic of Korea,1980,28.2
Republic of Korea,1985,26.4
Republic of Korea,1990,27.3
Republic of Korea,1995,28.1
Republic of Korea,2000,28.9
Republic of Korea,2005,29.9
Republic of Korea,2010,30.8
Republic of Korea,2015,31.7
Southern Asia,1950,28.3
Southern Asia,1955,28.4
Southern Asia,1960,28.4
Southern Asia,1965,28.4
Southern Asia,1970,28.3
Southern Asia,1975,28.0
Southern Asia,1980,27.9
Southern Asia,1985,27.6
Southern Asia,1990,27.5
Southern Asia,1995,26.9
Southern Asia,2000,26.9
Southern Asia,2005,27.2
Southern Asia,2010,26.9
Southern Asia,2015,27.2
Afghanistan,1950,29.6
Afghanistan,1955,29.6
Afghanistan,1960,29.7
Afghanistan,1965,29.7
Afghanistan,1970,29.7
Afghanistan,1975,29.8
Afghanistan,1980,29.9
Afghanistan,1985,30.0
Afghanistan,1990,29.9
Afghanistan,1995,29.7
Afghanistan,2000,29.7
Afghanistan,2005,29.5
Afghanistan,2010,29.2
Afghanistan,2015,29.3
Bangladesh,1950,27.4
Bangladesh,1955,27.3
Bangladesh,1960,27.3
Bangladesh,1965,27.5
Bangladesh,1970,27.6
Bangladesh,1975,27.9
Bangladesh,1980,27.9
Bangladesh,1985,27.5
Bangladesh,1990,26.7
Bangladesh,1995,25.9
Bangladesh,2000,25.5
Bangladesh,2005,25.6
Bangladesh,2010,25.0
Bangladesh,2015,25.4
Bhutan,1950,29.9
Bhutan,1955,29.9
Bhutan,1960,29.9
Bhutan,1965,29.9
Bhutan,1970,29.9
Bhutan,1975,29.9
Bhutan,1980,29.9
Bhutan,1985,29.9
Bhutan,1990,29.7
Bhutan,1995,29.3
Bhutan,2000,28.4
Bhutan,2005,28.3
Bhutan,2010,28.3
Bhutan,2015,28.4
India,1950,28.3
India,1955,28.4
India,1960,28.3
India,1965,28.3
India,1970,28.0
India,1975,27.6
India,1980,27.3
India,1985,26.9
India,1990,26.9
India,1995,26.2
India,2000,26.4
India,2005,26.8
India,2010,26.6
India,2015,27.0
Iran (Islamic Republic of),1950,29.7
Iran (Islamic Republic of),1955,29.8
Iran (Islamic Republic of),1960,29.9
Iran (Islamic Republic of),1965,29.9
Iran (Islamic Republic of),1970,29.6
Iran (Islamic Republic of),1975,29.2
Iran (Islamic Republic of),1980,29.8
Iran (Islamic Republic of),1985,30.3
Iran (Islamic Republic of),1990,30.5
Iran (Islamic Republic of),1995,29.2
Iran (Islamic Republic of),2000,28.6
Iran (Islamic Republic of),2005,29.0
Iran (Islamic Republic of),2010,28.5
Iran (Islamic Republic of),2015,28.6
Maldives,1950,28.1
Maldives,1955,28.2
Maldives,1960,28.3
Maldives,1965,28.3
Maldives,1970,28.3
Maldives,1975,28.2
Maldives,1980,28.6
Maldives,1985,29.1
Maldives,1990,29.4
Maldives,1995,29.3
Maldives,2000,28.9
Maldives,2005,29.1
Maldives,2010,28.8
Maldives,2015,29.4
Nepal,1950,28.6
Nepal,1955,28.5
Nepal,1960,28.5
Nepal,1965,28.7
Nepal,1970,28.8
Nepal,1975,29.1
Nepal,1980,29.1
Nepal,1985,28.6
Nepal,1990,27.9
Nepal,1995,27.6
Nepal,2000,26.8
Nepal,2005,26.3
Nepal,2010,25.9
Nepal,2015,25.5
Pakistan,1950,29.1
Pakistan,1955,29.2
Pakistan,1960,29.3
Pakistan,1965,29.3
Pakistan,1970,29.8
Pakistan,1975,30.0
Pakistan,1980,30.3
Pakistan,1985,30.4
Pakistan,1990,30.0
Pakistan,1995,29.6
Pakistan,2000,29.4
Pakistan,2005,29.2
Pakistan,2010,28.9
Pakistan,2015,28.9
Sri Lanka,1950,28.8
Sri Lanka,1955,28.6
Sri Lanka,1960,29.2
Sri Lanka,1965,29.4
Sri Lanka,1970,29.4
Sri Lanka,1975,29.3
Sri Lanka,1980,28.9
Sri Lanka,1985,28.7
Sri Lanka,1990,29.1
Sri Lanka,1995,29.4
Sri Lanka,2000,28.9
Sri Lanka,2005,29.0
Sri Lanka,2010,29.2
Sri Lanka,2015,29.5
South-Eastern Asia,1950,29.8
South-Eastern Asia,1955,29.8
South-Eastern Asia,1960,29.9
South-Eastern Asia,1965,29.9
South-Eastern Asia,1970,29.9
South-Eastern Asia,1975,29.6
South-Eastern Asia,1980,29.1
South-Eastern Asia,1985,28.9
South-Eastern Asia,1990,28.7
South-Eastern Asia,1995,28.5
South-Eastern Asia,2000,28.5
South-Eastern Asia,2005,28.4
South-Eastern Asia,2010,28.3
South-Eastern Asia,2015,28.4
Brunei Darussalam,1950,29.3
Brunei Darussalam,1955,29.2
Brunei Darussalam,1960,29.2
Brunei Darussalam,1965,29.0
Brunei Darussalam,1970,28.8
Brunei Darussalam,1975,28.9
Brunei Darussalam,1980,29.1
Brunei Darussalam,1985,29.0
Brunei Darussalam,1990,29.2
Brunei Darussalam,1995,29.7
Brunei Darussalam,2000,29.6
Brunei Darussalam,2005,29.6
Brunei Darussalam,2010,29.9
Brunei Darussalam,2015,30.2
Cambodia,1950,29.8
Cambodia,1955,29.8
Cambodia,1960,29.7
Cambodia,1965,29.6
Cambodia,1970,29.5
Cambodia,1975,28.9
Cambodia,1980,30.0
Cambodia,1985,30.8
Cambodia,1990,30.3
Cambodia,1995,29.7
Cambodia,2000,29.1
Cambodia,2005,28.8
Cambodia,2010,28.1
Cambodia,2015,27.7
Indonesia,1950,28.6
Indonesia,1955,28.6
Indonesia,1960,28.5
Indonesia,1965,28.5
Indonesia,1970,28.5
Indonesia,1975,28.3
Indonesia,1980,28.0
Indonesia,1985,27.9
Indonesia,1990,28.0
Indonesia,1995,28.1
Indonesia,2000,28.2
Indonesia,2005,28.4
Indonesia,2010,28.4
Indonesia,2015,28.6
Lao People's Democratic Republic,1950,29.8
Lao People's Democratic Republic,1955,29.8
Lao People's Democratic Republic,1960,29.8
Lao People's Democratic Republic,1965,29.8
Lao People's Democratic Republic,1970,29.8
Lao People's Democratic Republic,1975,29.8
Lao People's Democratic Republic,1980,29.8
Lao People's Democratic Republic,1985,29.8
Lao People's Democratic Republic,1990,29.7
Lao People's Democratic Republic,1995,29.2
Lao People's Democratic Republic,2000,28.5
Lao People's Democratic Republic,2005,28.0
Lao People's Democratic Republic,2010,27.4
Lao People's Democratic Republic,2015,27.0
Malaysia,1950,29.4
Malaysia,1955,29.4
Malaysia,1960,29.7
Malaysia,1965,30.0
Malaysia,1970,29.5
Malaysia,1975,29.5
Malaysia,1980,29.7
Malaysia,1985,30.0
Malaysia,1990,30.1
Malaysia,1995,30.0
Malaysia,2000,30.5
Malaysia,2005,30.6
Malaysia,2010,30.6
Malaysia,2015,30.8
Myanmar,1950,30.6
Myanmar,1955,30.6
Myanmar,1960,30.6
Myanmar,1965,30.7
Myanmar,1970,30.6
Myanmar,1975,30.5
Myanmar,1980,30.4
Myanmar,1985,30.3
Myanmar,1990,29.9
Myanmar,1995,29.8
Myanmar,2000,29.7
Myanmar,2005,29.6
Myanmar,2010,29.4
Myanmar,2015,29.2
Philippines,1950,30.8
Philippines,1955,30.8
Philippines,1960,30.8
Philippines,1965,30.8
Philippines,1970,30.7
Philippines,1975,30.4
Philippines,1980,29.9
Philippines,1985,29.6
Philippines,1990,29.5
Philippines,1995,29.4
Philippines,2000,29.3
Philippines,2005,29.1
Philippines,2010,28.7
Philippines,2015,28.7
Singapore,1950,29.2
Singapore,1955,28.9
Singapore,1960,29.6
Singapore,1965,29.8
Singapore,1970,28.9
Singapore,1975,28.1
Singapore,1980,28.1
Singapore,1985,28.5
Singapore,1990,29.5
Singapore,1995,29.6
Singapore,2000,29.8
Singapore,2005,30.2
Singapore,2010,30.9
Singapore,2015,31.5
Thailand,1950,30.5
Thailand,1955,30.6
Thailand,1960,30.6
Thailand,1965,30.6
Thailand,1970,30.4
Thailand,1975,30.1
Thailand,1980,28.7
Thailand,1985,28.0
Thailand,1990,27.1
Thailand,1995,27.1
Thailand,2000,27.4
Thailand,2005,26.9
Thailand,2010,26.8
Thailand,2015,27.2
Timor-Leste,1950,30.8
Timor-Leste,1955,30.8
Timor-Leste,1960,30.8
Timor-Leste,1965,30.8
Timor-Leste,1970,30.8
Timor-Leste,1975,30.8
Timor-Leste,1980,30.8
Timor-Leste,1985,30.9
Timor-Leste,1990,31.2
Timor-Leste,1995,31.3
Timor-Leste,2000,31.1
Timor-Leste,2005,31.1
Timor-Leste,2010,30.9
Timor-Leste,2015,30.1
Viet Nam,1950,31.4
Viet Nam,1955,31.5
Viet Nam,1960,31.8
Viet Nam,1965,31.8
Viet Nam,1970,31.6
Viet Nam,1975,31.3
Viet Nam,1980,30.7
Viet Nam,1985,30.0
Viet Nam,1990,28.8
Viet Nam,1995,27.7
Viet Nam,2000,27.4
Viet Nam,2005,27.3
Viet Nam,2010,27.1
Viet Nam,2015,27.3
Western Asia,1950,29.2
Western Asia,1955,29.2
Western Asia,1960,29.1
Western Asia,1965,29.2
Western Asia,1970,29.2
Western Asia,1975,29.0
Western Asia,1980,29.0
Western Asia,1985,29.1
Western Asia,1990,29.1
Western Asia,1995,28.8
Western Asia,2000,28.9
Western Asia,2005,28.8
Western Asia,2010,28.9
Western Asia,2015,29.0
Armenia,1950,29.9
Armenia,1955,29.8
Armenia,1960,29.5
Armenia,1965,28.5
Armenia,1970,27.8
Armenia,1975,26.9
Armenia,1980,25.7
Armenia,1985,25.2
Armenia,1990,25.3
Armenia,1995,24.7
Armenia,2000,25.3
Armenia,2005,25.6
Armenia,2010,26.3
Armenia,2015,26.8
Azerbaijan,1950,30.3
Azerbaijan,1955,30.4
Azerbaijan,1960,30.4
Azerbaijan,1965,30.2
Azerbaijan,1970,29.6
Azerbaijan,1975,29.2
Azerbaijan,1980,28.5
Azerbaijan,1985,27.7
Azerbaijan,1990,27.0
Azerbaijan,1995,26.2
Azerbaijan,2000,26.4
Azerbaijan,2005,26.1
Azerbaijan,2010,25.8
Azerbaijan,2015,25.4
Bahrain,1950,28.6
Bahrain,1955,28.7
Bahrain,1960,28.8
Bahrain,1965,29.0
Bahrain,1970,29.3
Bahrain,1975,29.9
Bahrain,1980,30.2
Bahrain,1985,30.0
Bahrain,1990,30.4
Bahrain,1995,30.5
Bahrain,2000,30.6
Bahrain,2005,29.6
Bahrain,2010,29.7
Bahrain,2015,29.6
Cyprus,1950,30.1
Cyprus,1955,29.3
Cyprus,1960,29.0
Cyprus,1965,28.8
Cyprus,1970,28.3
Cyprus,1975,27.1
Cyprus,1980,26.7
Cyprus,1985,26.9
Cyprus,1990,27.1
Cyprus,1995,28.0
Cyprus,2000,28.7
Cyprus,2005,29.5
Cyprus,2010,30.4
Cyprus,2015,31.2
Georgia,1950,28.9
Georgia,1955,28.8
Georgia,1960,28.3
Georgia,1965,27.8
Georgia,1970,27.1
Georgia,1975,26.8
Georgia,1980,25.8
Georgia,1985,25.7
Georgia,1990,25.5
Georgia,1995,24.8
Georgia,2000,25.7
Georgia,2005,26.0
Georgia,2010,26.3
Georgia,2015,27.1
Iraq,1950,29.6
Iraq,1955,29.6
Iraq,1960,29.7
Iraq,1965,29.4
Iraq,1970,29.6
Iraq,1975,30.1
Iraq,1980,30.6
Iraq,1985,30.9
Iraq,1990,30.8
Iraq,1995,30.6
Iraq,2000,30.3
Iraq,2005,29.4
Iraq,2010,28.9
Iraq,2015,28.8
Israel,1950,27.6
Israel,1955,27.7
Israel,1960,28.0
Israel,1965,28.2
Israel,1970,28.3
Israel,1975,28.3
Israel,1980,28.1
Israel,1985,28.5
Israel,1990,28.9
Israel,1995,29.3
Israel,2000,29.6
Israel,2005,30.0
Israel,2010,30.3
Israel,2015,30.5
Jordan,1950,30.0
Jordan,1955,30.0
Jordan,1960,30.0
Jordan,1965,30.0
Jordan,1970,30.6
Jordan,1975,30.6
Jordan,1980,30.4
Jordan,1985,30.4
Jordan,1990,30.2
Jordan,1995,29.8
Jordan,2000,29.8
Jordan,2005,29.7
Jordan,2010,29.6
Jordan,2015,29.6
Kuwait,1950,28.1
Kuwait,1955,28.2
Kuwait,1960,28.1
Kuwait,1965,28.2
Kuwait,1970,28.6
Kuwait,1975,28.4
Kuwait,1980,28.9
Kuwait,1985,29.6
Kuwait,1990,29.9
Kuwait,1995,29.4
Kuwait,2000,29.5
Kuwait,2005,29.8
Kuwait,2010,29.8
Kuwait,2015,29.4
Lebanon,1950,29.2
Lebanon,1955,29.2
Lebanon,1960,29.2
Lebanon,1965,29.2
Lebanon,1970,29.2
Lebanon,1975,29.1
Lebanon,1980,28.9
Lebanon,1985,28.8
Lebanon,1990,28.8
Lebanon,1995,29.0
Lebanon,2000,29.2
Lebanon,2005,29.4
Lebanon,2010,29.4
Lebanon,2015,29.4
Oman,1950,28.4
Oman,1955,28.7
Oman,1960,28.9
Oman,1965,29.1
Oman,1970,29.4
Oman,1975,29.5
Oman,1980,29.4
Oman,1985,29.6
Oman,1990,30.3
Oman,1995,31.0
Oman,2000,30.0
Oman,2005,31.4
Oman,2010,30.6
Oman,2015,30.8
Qatar,1950,27.7
Qatar,1955,27.8
Qatar,1960,27.8
Qatar,1965,27.8
Qatar,1970,28.0
Qatar,1975,28.4
Qatar,1980,28.8
Qatar,1985,28.2
Qatar,1990,28.5
Qatar,1995,29.0
Qatar,2000,29.5
Qatar,2005,29.7
Qatar,2010,29.9
Qatar,2015,30.0
Saudi Arabia,1950,28.8
Saudi Arabia,1955,29.0
Saudi Arabia,1960,29.2
Saudi Arabia,1965,29.5
Saudi Arabia,1970,29.8
Saudi Arabia,1975,30.1
Saudi Arabia,1980,30.4
Saudi Arabia,1985,30.6
Saudi Arabia,1990,31.0
Saudi Arabia,1995,31.5
Saudi Arabia,2000,31.4
Saudi Arabia,2005,30.9
Saudi Arabia,2010,31.2
Saudi Arabia,2015,31.0
State of Palestine,1950,29.7
State of Palestine,1955,29.7
State of Palestine,1960,29.6
State of Palestine,1965,29.7
State of Palestine,1970,29.7
State of Palestine,1975,29.7
State of Palestine,1980,29.9
State of Palestine,1985,29.8
State of Palestine,1990,29.4
State of Palestine,1995,29.0
State of Palestine,2000,28.9
State of Palestine,2005,29.1
State of Palestine,2010,29.0
State of Palestine,2015,28.7
Syrian Arab Republic,1950,30.4
Syrian Arab Republic,1955,30.5
Syrian Arab Republic,1960,30.4
Syrian Arab Republic,1965,30.2
Syrian Arab Republic,1970,30.1
Syrian Arab Republic,1975,30.1
Syrian Arab Republic,1980,30.1
Syrian Arab Republic,1985,30.1
Syrian Arab Republic,1990,30.1
Syrian Arab Republic,1995,29.8
Syrian Arab Republic,2000,29.8
Syrian Arab Republic,2005,29.7
Syrian Arab Republic,2010,29.5
Syrian Arab Republic,2015,29.4
Türkiye,1950,28.5
Türkiye,1955,28.4
Türkiye,1960,28.2
Türkiye,1965,28.6
Türkiye,1970,28.4
Türkiye,1975,27.8
Türkiye,1980,27.4
Türkiye,1985,27.5
Türkiye,1990,27.3
Türkiye,1995,26.9
Türkiye,2000,27.2
Türkiye,2005,27.5
Türkiye,2010,27.8
Türkiye,2015,28.5
United Arab Emirates,1950,28.5
United Arab Emirates,1955,28.6
United Arab Emirates,1960,28.6
United Arab Emirates,1965,28.8
United Arab Emirates,1970,28.8
United Arab Emirates,1975,28.9
United Arab Emirates,1980,29.1
United Arab Emirates,1985,30.0
United Arab Emirates,1990,29.9
United Arab Emirates,1995,30.4
United Arab Emirates,2000,30.7
United Arab Emirates,2005,30.5
United Arab Emirates,2010,30.6
United Arab Emirates,2015,30.8
Yemen,1950,31.2
Yemen,1955,31.3
Yemen,1960,31.3
Yemen,1965,31.4
Yemen,1970,31.5
Yemen,1975,31.1
Yemen,1980,30.7
Yemen,1985,30.8
Yemen,1990,30.9
Yemen,1995,30.2
Yemen,2000,30.1
Yemen,2005,30.1
Yemen,2010,30.1
Yemen,2015,30.0
EUROPE,1950,28.9
EUROPE,1955,28.7
EUROPE,1960,28.0
EUROPE,1965,27.7
EUROPE,1970,27.2
EUROPE,1975,26.7
EUROPE,1980,26.4
EUROPE,1985,26.7
EUROPE,1990,26.8
EUROPE,1995,27.2
EUROPE,2000,28.0
EUROPE,2005,28.5
EUROPE,2010,29.1
EUROPE,2015,29.7
Eastern Europe,1950,28.9
Eastern Europe,1955,28.6
Eastern Europe,1960,27.6
Eastern Europe,1965,27.2
Eastern Europe,1970,26.7
Eastern Europe,1975,26.2
Eastern Europe,1980,25.6
Eastern Europe,1985,25.7
Eastern Europe,1990,25.3
Eastern Europe,1995,25.1
Eastern Europe,2000,25.9
Eastern Europe,2005,26.7
Eastern Europe,2010,27.7
Eastern Europe,2015,28.2
Belarus,1950,28.9
Belarus,1955,29.0
Belarus,1960,28.9
Belarus,1965,28.4
Belarus,1970,27.5
Belarus,1975,26.7
Belarus,1980,26.0
Belarus,1985,25.9
Belarus,1990,25.2
Belarus,1995,24.9
Belarus,2000,25.6
Belarus,2005,26.4
Belarus,2010,27.3
Belarus,2015,28.2
Bulgaria,1950,26.7
Bulgaria,1955,26.1
Bulgaria,1960,25.1
Bulgaria,1965,24.8
Bulgaria,1970,24.6
Bulgaria,1975,24.4
Bulgaria,1980,23.9
Bulgaria,1985,23.9
Bulgaria,1990,23.9
Bulgaria,1995,24.1
Bulgaria,2000,24.9
Bulgaria,2005,25.9
Bulgaria,2010,27.1
Bulgaria,2015,27.5
Czechia,1950,27.3
Czechia,1955,26.8
Czechia,1960,25.5
Czechia,1965,25.5
Czechia,1970,25.0
Czechia,1975,25.1
Czechia,1980,24.8
Czechia,1985,24.6
Czechia,1990,24.8
Czechia,1995,25.7
Czechia,2000,27.2
Czechia,2005,28.6
Czechia,2010,29.6
Czechia,2015,30.0
Hungary,1950,27.3
Hungary,1955,27.1
Hungary,1960,25.8
Hungary,1965,25.6
Hungary,1970,25.4
Hungary,1975,25.2
Hungary,1980,24.6
Hungary,1985,25.0
Hungary,1990,25.6
Hungary,1995,26.3
Hungary,2000,27.2
Hungary,2005,28.4
Hungary,2010,29.3
Hungary,2015,29.5
Poland,1950,29.0
Poland,1955,28.5
Poland,1960,27.7
Poland,1965,27.5
Poland,1970,27.2
Poland,1975,26.8
Poland,1980,26.5
Poland,1985,26.4
Poland,1990,26.3
Poland,1995,26.9
Poland,2000,27.4
Poland,2005,28.2
Poland,2010,28.7
Poland,2015,29.2
Republic of Moldova,1950,29.3
Republic of Moldova,1955,29.3
Republic of Moldova,1960,29.3
Republic of Moldova,1965,29.0
Republic of Moldova,1970,28.1
Republic of Moldova,1975,27.2
Republic of Moldova,1980,26.4
Republic of Moldova,1985,26.4
Republic of Moldova,1990,25.5
Republic of Moldova,1995,24.8
Republic of Moldova,2000,25.2
Republic of Moldova,2005,26.2
Republic of Moldova,2010,27.1
Republic of Moldova,2015,27.3
Romania,1950,27.9
Romania,1955,27.8
Romania,1960,26.6
Romania,1965,26.1
Romania,1970,26.7
Romania,1975,26.0
Romania,1980,25.3
Romania,1985,25.3
Romania,1990,25.5
Romania,1995,25.0
Romania,2000,25.7
Romania,2005,26.7
Romania,2010,27.0
Romania,2015,27.7
Russian Federation,1950,29.3
Russian Federation,1955,29.1
Russian Federation,1960,28.0
Russian Federation,1965,27.5
Russian Federation,1970,26.9
Russian Federation,1975,26.3
Russian Federation,1980,25.6
Russian Federation,1985,25.8
Russian Federation,1990,25.3
Russian Federation,1995,24.8
Russian Federation,2000,25.7
Russian Federation,2005,26.5
Russian Federation,2010,27.5
Russian Federation,2015,28.2
Slovakia,1950,28.2
Slovakia,1955,27.9
Slovakia,1960,27.0
Slovakia,1965,26.8
Slovakia,1970,26.3
Slovakia,1975,25.9
Slovakia,1980,25.4
Slovakia,1985,25.1
Slovakia,1990,25.2
Slovakia,1995,25.6
Slovakia,2000,26.6
Slovakia,2005,27.7
Slovakia,2010,28.6
Slovakia,2015,28.9
Ukraine,1950,28.9
Ukraine,1955,28.4
Ukraine,1960,27.3
Ukraine,1965,27.2
Ukraine,1970,26.6
Ukraine,1975,26.2
Ukraine,1980,25.4
Ukraine,1985,25.4
Ukraine,1990,24.8
Ukraine,1995,24.4
Ukraine,2000,25.0
Ukraine,2005,26.0
Ukraine,2010,26.9
Ukraine,2015,27.3
Northern Europe,1950,28.7
Northern Europe,1955,28.2
Northern Europe,1960,27.9
Northern Europe,1965,27.5
Northern Europe,1970,27.0
Northern Europe,1975,26.8
Northern Europe,1980,27.1
Northern Europe,1985,27.5
Northern Europe,1990,27.8
Northern Europe,1995,28.4
Northern Europe,2000,28.8
Northern Europe,2005,29.4
Northern Europe,2010,29.8
Northern Europe,2015,30.5
Denmark,1950,27.9
Denmark,1955,27.3
Denmark,1960,27.0
Denmark,1965,26.7
Denmark,1970,26.7
Denmark,1975,26.5
Denmark,1980,26.9
Denmark,1985,27.7
Denmark,1990,28.4
Denmark,1995,29.2
Denmark,2000,29.7
Denmark,2005,30.2
Denmark,2010,30.6
Denmark,2015,31.0
Estonia,1950,28.8
Estonia,1955,28.8
Estonia,1960,27.8
Estonia,1965,27.3
Estonia,1970,26.7
Estonia,1975,26.2
Estonia,1980,25.7
Estonia,1985,25.9
Estonia,1990,25.5
Estonia,1995,25.5
Estonia,2000,26.9
Estonia,2005,28.0
Estonia,2010,29.2
Estonia,2015,29.9
Faroe Islands,1950,29.8
Faroe Islands,1955,29.5
Faroe Islands,1960,28.8
Faroe Islands,1965,28.4
Faroe Islands,1970,27.5
Faroe Islands,1975,27.2
Faroe Islands,1980,27.2
Faroe Islands,1985,28.0
Faroe Islands,1990,28.7
Faroe Islands,1995,28.9
Faroe Islands,2000,29.4
Faroe Islands,2005,29.8
Faroe Islands,2010,29.9
Faroe Islands,2015,30.0
Finland,1950,29.5
Finland,1955,28.9
Finland,1960,28.4
Finland,1965,28.0
Finland,1970,27.2
Finland,1975,27.1
Finland,1980,27.7
Finland,1985,28.4
Finland,1990,28.9
Finland,1995,29.3
Finland,2000,29.6
Finland,2005,29.9
Finland,2010,30.2
Finland,2015,30.6
Guernsey,1950,28.3
Guernsey,1955,27.9
Guernsey,1960,27.6
Guernsey,1965,27.3
Guernsey,1970,26.8
Guernsey,1975,26.6
Guernsey,1980,27.0
Guernsey,1985,27.3
Guernsey,1990,27.6
Guernsey,1995,28.2
Guernsey,2000,28.5
Guernsey,2005,29.1
Guernsey,2010,29.5
Guernsey,2015,30.2
Iceland,1950,28.7
Iceland,1955,28.1
Iceland,1960,28.1
Iceland,1965,27.8
Iceland,1970,27.2
Iceland,1975,27.0
Iceland,1980,27.1
Iceland,1985,27.3
Iceland,1990,28.0
Iceland,1995,28.7
Iceland,2000,28.9
Iceland,2005,29.5
Iceland,2010,30.0
Iceland,2015,30.4
Ireland,1950,31.5
Ireland,1955,31.6
Ireland,1960,31.4
Ireland,1965,31.0
Ireland,1970,30.4
Ireland,1975,29.8
Ireland,1980,29.7
Ireland,1985,29.9
Ireland,1990,30.0
Ireland,1995,30.3
Ireland,2000,30.4
Ireland,2005,31.2
Ireland,2010,31.4
Ireland,2015,31.9
Isle of Man,1950,28.1
Isle of Man,1955,27.9
Isle of Man,1960,27.8
Isle of Man,1965,27.9
Isle of Man,1970,28.3
Isle of Man,1975,28.1
Isle of Man,1980,28.3
Isle of Man,1985,28.5
Isle of Man,1990,28.8
Isle of Man,1995,28.9
Isle of Man,2000,28.9
Isle of Man,2005,28.9
Isle of Man,2010,29.2
Isle of Man,2015,29.4
Jersey,1950,28.3
Jersey,1955,27.9
Jersey,1960,27.6
Jersey,1965,27.3
Jersey,1970,26.7
Jersey,1975,26.6
Jersey,1980,26.9
Jersey,1985,27.3
Jersey,1990,27.6
Jersey,1995,28.2
Jersey,2000,28.5
Jersey,2005,29.0
Jersey,2010,29.5
Jersey,2015,30.2
Latvia,1950,29.4
Latvia,1955,29.2
Latvia,1960,28.1
Latvia,1965,27.6
Latvia,1970,26.9
Latvia,1975,26.7
Latvia,1980,25.9
Latvia,1985,26.0
Latvia,1990,25.7
Latvia,1995,25.9
Latvia,2000,27.0
Latvia,2005,28.0
Latvia,2010,28.9
Latvia,2015,29.5
Lithuania,1950,29.5
Lithuania,1955,29.4
Lithuania,1960,29.4
Lithuania,1965,28.8
Lithuania,1970,27.8
Lithuania,1975,27.4
Lithuania,1980,26.7
Lithuania,1985,26.9
Lithuania,1990,25.9
Lithuania,1995,25.6
Lithuania,2000,26.6
Lithuania,2005,27.5
Lithuania,2010,28.8
Lithuania,2015,29.4
Norway,1950,29.5
Norway,1955,28.5
Norway,1960,28.0
Norway,1965,27.7
Norway,1970,27.0
Norway,1975,26.5
Norway,1980,26.9
Norway,1985,27.5
Norway,1990,28.1
Norway,1995,28.8
Norway,2000,29.3
Norway,2005,29.8
Norway,2010,30.1
Norway,2015,30.7
Sweden,1950,28.1
Sweden,1955,27.7
Sweden,1960,27.5
Sweden,1965,27.1
Sweden,1970,26.9
Sweden,1975,26.7
Sweden,1980,27.6
Sweden,1985,28.4
Sweden,1990,28.6
Sweden,1995,29.2
Sweden,2000,29.9
Sweden,2005,30.5
Sweden,2010,30.7
Sweden,2015,31.0
United Kingdom,1950,28.3
United Kingdom,1955,27.9
United Kingdom,1960,27.6
United Kingdom,1965,27.3
United Kingdom,1970,26.8
United Kingdom,1975,26.5
United Kingdom,1980,26.9
United Kingdom,1985,27.3
United Kingdom,1990,27.6
United Kingdom,1995,28.2
United Kingdom,2000,28.5
United Kingdom,2005,29.1
United Kingdom,2010,29.5
United Kingdom,2015,30.3
Southern Europe,1950,30.0
Southern Europe,1955,29.6
Southern Europe,1960,29.2
Southern Europe,1965,28.9
Southern Europe,1970,28.4
Southern Europe,1975,27.8
Southern Europe,1980,27.4
Southern Europe,1985,27.6
Southern Europe,1990,28.1
Southern Europe,1995,28.9
Southern Europe,2000,29.6
Southern Europe,2005,30.1
Southern Europe,2010,30.5
Southern Europe,2015,31.1
Albania,1950,31.1
Albania,1955,30.9
Albania,1960,30.7
Albania,1965,30.3
Albania,1970,29.6
Albania,1975,29.3
Albania,1980,29.0
Albania,1985,28.7
Albania,1990,28.3
Albania,1995,27.6
Albania,2000,27.8
Albania,2005,27.5
Albania,2010,27.5
Albania,2015,28.0
Andorra,1950,30.4
Andorra,1955,30.2
Andorra,1960,30.0
Andorra,1965,29.9
Andorra,1970,29.5
Andorra,1975,28.9
Andorra,1980,28.4
Andorra,1985,28.5
Andorra,1990,28.9
Andorra,1995,29.9
Andorra,2000,30.3
Andorra,2005,30.6
Andorra,2010,31.0
Andorra,2015,31.7
Bosnia and Herzegovina,1950,30.5
Bosnia and Herzegovina,1955,29.7
Bosnia and Herzegovina,1960,29.2
Bosnia and Herzegovina,1965,28.4
Bosnia and Herzegovina,1970,27.5
Bosnia and Herzegovina,1975,27.0
Bosnia and Herzegovina,1980,26.6
Bosnia and Herzegovina,1985,26.3
Bosnia and Herzegovina,1990,26.0
Bosnia and Herzegovina,1995,26.7
Bosnia and Herzegovina,2000,26.9
Bosnia and Herzegovina,2005,27.2
Bosnia and Herzegovina,2010,28.1
Bosnia and Herzegovina,2015,28.9
Croatia,1950,28.5
Croatia,1955,27.5
Croatia,1960,26.9
Croatia,1965,26.3
Croatia,1970,26.0
Croatia,1975,25.8
Croatia,1980,25.6
Croatia,1985,25.7
Croatia,1990,26.0
Croatia,1995,27.2
Croatia,2000,27.8
Croatia,2005,28.3
Croatia,2010,29.2
Croatia,2015,29.9
Gibraltar,1950,26.9
Gibraltar,1955,26.8
Gibraltar,1960,27.0
Gibraltar,1965,27.3
Gibraltar,1970,26.8
Gibraltar,1975,26.7
Gibraltar,1980,27.0
Gibraltar,1985,27.5
Gibraltar,1990,28.2
Gibraltar,1995,29.0
Gibraltar,2000,29.3
Gibraltar,2005,29.7
Gibraltar,2010,29.9
Gibraltar,2015,30.3
Greece,1950,30.1
Greece,1955,29.6
Greece,1960,28.8
Greece,1965,28.1
Greece,1970,27.4
Greece,1975,26.8
Greece,1980,26.2
Greece,1985,26.3
Greece,1990,27.2
Greece,1995,28.2
Greece,2000,29.5
Greece,2005,29.9
Greece,2010,30.4
Greece,2015,31.2
Holy See,1950,...
Holy See,1955,...
Holy See,1960,...
Holy See,1965,...
Holy See,1970,...
Holy See,1975,...
Holy See,1980,...
Holy See,1985,...
Holy See,1990,...
Holy See,1995,...
Holy See,2000,...
Holy See,2005,...
Holy See,2010,...
Holy See,2015,...
Italy,1950,29.9
Italy,1955,29.5
Italy,1960,29.1
Italy,1965,28.7
Italy,1970,28.3
Italy,1975,27.6
Italy,1980,27.5
Italy,1985,28.1
Italy,1990,28.9
Italy,1995,29.8
Italy,2000,30.4
Italy,2005,30.8
Italy,2010,31.2
Italy,2015,31.6
Kosovo (under UNSC res. 1244),1950,31.3
Kosovo (under UNSC res. 1244),1955,31.1
Kosovo (under UNSC res. 1244),1960,30.7
Kosovo (under UNSC res. 1244),1965,30.2
Kosovo (under UNSC res. 1244),1970,29.8
Kosovo (under UNSC res. 1244),1975,29.6
Kosovo (under UNSC res. 1244),1980,29.4
Kosovo (under UNSC res. 1244),1985,29.0
Kosovo (under UNSC res. 1244),1990,28.7
Kosovo (under UNSC res. 1244),1995,29.1
Kosovo (under UNSC res. 1244),2000,29.0
Kosovo (under UNSC res. 1244),2005,29.0
Kosovo (under UNSC res. 1244),2010,29.1
Kosovo (under UNSC res. 1244),2015,29.4
Malta,1950,30.0
Malta,1955,29.9
Malta,1960,29.6
Malta,1965,29.4
Malta,1970,29.0
Malta,1975,28.2
Malta,1980,28.8
Malta,1985,28.8
Malta,1990,28.9
Malta,1995,29.0
Malta,2000,28.2
Malta,2005,28.2
Malta,2010,29.5
Malta,2015,30.3
Montenegro,1950,30.2
Montenegro,1955,29.6
Montenegro,1960,29.0
Montenegro,1965,28.2
Montenegro,1970,28.0
Montenegro,1975,27.7
Montenegro,1980,27.9
Montenegro,1985,27.2
Montenegro,1990,27.3
Montenegro,1995,27.7
Montenegro,2000,28.0
Montenegro,2005,28.3
Montenegro,2010,28.5
Montenegro,2015,29.4
North Macedonia,1950,30.6
North Macedonia,1955,30.2
North Macedonia,1960,28.9
North Macedonia,1965,28.0
North Macedonia,1970,27.3
North Macedonia,1975,26.8
North Macedonia,1980,26.2
North Macedonia,1985,25.9
North Macedonia,1990,25.8
North Macedonia,1995,25.9
North Macedonia,2000,26.4
North Macedonia,2005,27.2
North Macedonia,2010,27.9
North Macedonia,2015,28.5
Portugal,1950,30.2
Portugal,1955,30.2
Portugal,1960,29.6
Portugal,1965,29.5
Portugal,1970,29.0
Portugal,1975,28.3
Portugal,1980,27.2
Portugal,1985,27.1
Portugal,1990,27.4
Portugal,1995,28.0
Portugal,2000,28.6
Portugal,2005,29.2
Portugal,2010,29.8
Portugal,2015,30.9
San Marino,1950,28.7
San Marino,1955,28.6
San Marino,1960,28.2
San Marino,1965,27.8
San Marino,1970,27.1
San Marino,1975,27.0
San Marino,1980,27.3
San Marino,1985,27.9
San Marino,1990,28.8
San Marino,1995,29.8
San Marino,2000,30.9
San Marino,2005,31.6
San Marino,2010,32.1
San Marino,2015,32.2
Serbia,1950,28.2
Serbia,1955,27.5
Serbia,1960,26.7
Serbia,1965,26.1
Serbia,1970,26.0
Serbia,1975,26.1
Serbia,1980,26.1
Serbia,1985,26.2
Serbia,1990,26.2
Serbia,1995,26.7
Serbia,2000,26.8
Serbia,2005,27.4
Serbia,2010,28.2
Serbia,2015,29.0
Slovenia,1950,29.8
Slovenia,1955,29.0
Slovenia,1960,28.0
Slovenia,1965,27.2
Slovenia,1970,26.7
Slovenia,1975,25.9
Slovenia,1980,25.4
Slovenia,1985,25.4
Slovenia,1990,25.9
Slovenia,1995,27.0
Slovenia,2000,28.2
Slovenia,2005,29.3
Slovenia,2010,30.0
Slovenia,2015,30.2
Spain,1950,30.7
Spain,1955,30.4
Spain,1960,30.1
Spain,1965,30.0
Spain,1970,29.4
Spain,1975,28.8
Spain,1980,28.2
Spain,1985,28.5
Spain,1990,28.9
Spain,1995,30.0
Spain,2000,30.7
Spain,2005,30.9
Spain,2010,31.2
Spain,2015,31.9
Western Europe,1950,28.4
Western Europe,1955,28.2
Western Europe,1960,27.9
Western Europe,1965,27.5
Western Europe,1970,27.0
Western Europe,1975,26.6
Western Europe,1980,26.8
Western Europe,1985,27.4
Western Europe,1990,28.2
Western Europe,1995,28.8
Western Europe,2000,29.1
Western Europe,2005,29.6
Western Europe,2010,30.2
Western Europe,2015,30.7
Austria,1950,28.1
Austria,1955,27.9
Austria,1960,27.6
Austria,1965,27.3
Austria,1970,26.7
Austria,1975,26.3
Austria,1980,26.3
Austria,1985,26.7
Austria,1990,27.2
Austria,1995,27.7
Austria,2000,28.2
Austria,2005,29.0
Austria,2010,29.8
Austria,2015,30.5
Belgium,1950,28.8
Belgium,1955,28.6
Belgium,1960,28.0
Belgium,1965,27.6
Belgium,1970,27.1
Belgium,1975,26.6
Belgium,1980,26.6
Belgium,1985,27.2
Belgium,1990,27.9
Belgium,1995,28.4
Belgium,2000,28.8
Belgium,2005,29.3
Belgium,2010,29.7
Belgium,2015,30.4
France,1950,28.3
France,1955,28.1
France,1960,27.8
France,1965,27.4
France,1970,27.2
France,1975,26.8
France,1980,27.0
France,1985,27.6
France,1990,28.5
France,1995,29.1
France,2000,29.4
France,2005,29.7
France,2010,30.0
France,2015,30.4
Germany,1950,27.8
Germany,1955,27.8
Germany,1960,27.5
Germany,1965,27.1
Germany,1970,26.6
Germany,1975,26.3
Germany,1980,26.4
Germany,1985,27.1
Germany,1990,27.6
Germany,1995,28.4
Germany,2000,28.7
Germany,2005,29.4
Germany,2010,30.3
Germany,2015,30.8
Liechtenstein,1950,29.4
Liechtenstein,1955,29.1
Liechtenstein,1960,28.7
Liechtenstein,1965,28.5
Liechtenstein,1970,27.8
Liechtenstein,1975,27.8
Liechtenstein,1980,28.1
Liechtenstein,1985,28.5
Liechtenstein,1990,29.0
Liechtenstein,1995,29.5
Liechtenstein,2000,29.8
Liechtenstein,2005,30.6
Liechtenstein,2010,31.3
Liechtenstein,2015,31.7
Luxembourg,1950,28.6
Luxembourg,1955,28.2
Luxembourg,1960,27.7
Luxembourg,1965,27.3
Luxembourg,1970,27.1
Luxembourg,1975,27.0
Luxembourg,1980,27.4
Luxembourg,1985,27.9
Luxembourg,1990,28.3
Luxembourg,1995,28.9
Luxembourg,2000,29.3
Luxembourg,2005,29.8
Luxembourg,2010,30.8
Luxembourg,2015,31.5
Monaco,1950,28.5
Monaco,1955,28.4
Monaco,1960,28.3
Monaco,1965,28.2
Monaco,1970,28.1
Monaco,1975,28.1
Monaco,1980,28.3
Monaco,1985,28.6
Monaco,1990,29.0
Monaco,1995,29.5
Monaco,2000,29.7
Monaco,2005,30.0
Monaco,2010,30.5
Monaco,2015,30.8
Netherlands,1950,31.1
Netherlands,1955,30.6
Netherlands,1960,29.8
Netherlands,1965,29.0
Netherlands,1970,28.2
Netherlands,1975,27.4
Netherlands,1980,27.7
Netherlands,1985,28.4
Netherlands,1990,29.3
Netherlands,1995,30.0
Netherlands,2000,30.3
Netherlands,2005,30.5
Netherlands,2010,30.8
Netherlands,2015,31.2
Switzerland,1950,29.6
Switzerland,1955,29.2
Switzerland,1960,28.8
Switzerland,1965,28.0
Switzerland,1970,27.8
Switzerland,1975,27.6
Switzerland,1980,27.9
Switzerland,1985,28.4
Switzerland,1990,28.9
Switzerland,1995,29.4
Switzerland,2000,29.8
Switzerland,2005,30.5
Switzerland,2010,31.2
Switzerland,2015,31.8
LATIN AMERICA AND THE CARIBBEAN,1950,29.0
LATIN AMERICA AND THE CARIBBEAN,1955,29.0
LATIN AMERICA AND THE CARIBBEAN,1960,29.0
LATIN AMERICA AND THE CARIBBEAN,1965,29.0
LATIN AMERICA AND THE CARIBBEAN,1970,29.0
LATIN AMERICA AND THE CARIBBEAN,1975,28.7
LATIN AMERICA AND THE CARIBBEAN,1980,28.4
LATIN AMERICA AND THE CARIBBEAN,1985,28.1
LATIN AMERICA AND THE CARIBBEAN,1990,27.6
LATIN AMERICA AND THE CARIBBEAN,1995,27.2
LATIN AMERICA AND THE CARIBBEAN,2000,26.9
LATIN AMERICA AND THE CARIBBEAN,2005,26.9
LATIN AMERICA AND THE CARIBBEAN,2010,26.9
LATIN AMERICA AND THE CARIBBEAN,2015,27.1
Caribbean,1950,28.4
Caribbean,1955,28.4
Caribbean,1960,28.5
Caribbean,1965,28.5
Caribbean,1970,28.3
Caribbean,1975,28.0
Caribbean,1980,27.7
Caribbean,1985,27.6
Caribbean,1990,27.4
Caribbean,1995,27.3
Caribbean,2000,27.1
Caribbean,2005,27.2
Caribbean,2010,27.2
Caribbean,2015,27.5
Anguilla,1950,28.4
Anguilla,1955,28.4
Anguilla,1960,28.4
Anguilla,1965,28.3
Anguilla,1970,28.2
Anguilla,1975,27.7
Anguilla,1980,27.0
Anguilla,1985,26.7
Anguilla,1990,27.1
Anguilla,1995,27.5
Anguilla,2000,27.5
Anguilla,2005,27.8
Anguilla,2010,27.7
Anguilla,2015,28.0
Antigua and Barbuda,1950,28.2
Antigua and Barbuda,1955,28.0
Antigua and Barbuda,1960,27.9
Antigua and Barbuda,1965,27.7
Antigua and Barbuda,1970,27.2
Antigua and Barbuda,1975,26.3
Antigua and Barbuda,1980,25.4
Antigua and Barbuda,1985,25.7
Antigua and Barbuda,1990,26.5
Antigua and Barbuda,1995,26.9
Antigua and Barbuda,2000,27.2
Antigua and Barbuda,2005,27.3
Antigua and Barbuda,2010,27.4
Antigua and Barbuda,2015,27.8
Aruba,1950,29.4
Aruba,1955,29.4
Aruba,1960,29.2
Aruba,1965,28.6
Aruba,1970,28.1
Aruba,1975,27.7
Aruba,1980,27.3
Aruba,1985,27.1
Aruba,1990,26.9
Aruba,1995,27.5
Aruba,2000,27.4
Aruba,2005,27.4
Aruba,2010,27.4
Aruba,2015,28.4
Bahamas,1950,28.3
Bahamas,1955,28.3
Bahamas,1960,28.3
Bahamas,1965,28.2
Bahamas,1970,27.9
Bahamas,1975,27.5
Bahamas,1980,27.4
Bahamas,1985,27.3
Bahamas,1990,27.3
Bahamas,1995,27.4
Bahamas,2000,27.7
Bahamas,2005,27.9
Bahamas,2010,28.4
Bahamas,2015,28.4
Barbados,1950,27.4
Barbados,1955,27.3
Barbados,1960,27.7
Barbados,1965,27.9
Barbados,1970,27.4
Barbados,1975,26.9
Barbados,1980,26.4
Barbados,1985,26.6
Barbados,1990,26.9
Barbados,1995,26.9
Barbados,2000,27.2
Barbados,2005,27.6
Barbados,2010,27.8
Barbados,2015,27.9
"Bonaire, Sint Eustatius and Saba",1950,29.1
"Bonaire, Sint Eustatius and Saba",1955,29.1
"Bonaire, Sint Eustatius and Saba",1960,28.9
"Bonaire, Sint Eustatius and Saba",1965,28.6
"Bonaire, Sint Eustatius and Saba",1970,28.1
"Bonaire, Sint Eustatius and Saba",1975,27.8
"Bonaire, Sint Eustatius and Saba",1980,27.6
"Bonaire, Sint Eustatius and Saba",1985,27.3
"Bonaire, Sint Eustatius and Saba",1990,27.2
"Bonaire, Sint Eustatius and Saba",1995,27.5
"Bonaire, Sint Eustatius and Saba",2000,27.7
"Bonaire, Sint Eustatius and Saba",2005,28.0
"Bonaire, Sint Eustatius and Saba",2010,28.1
"Bonaire, Sint Eustatius and Saba",2015,28.6
British Virgin Islands,1950,28.4
British Virgin Islands,1955,28.5
British Virgin Islands,1960,28.4
British Virgin Islands,1965,27.9
British Virgin Islands,1970,27.6
British Virgin Islands,1975,27.4
British Virgin Islands,1980,27.3
British Virgin Islands,1985,27.9
British Virgin Islands,1990,27.8
British Virgin Islands,1995,27.6
British Virgin Islands,2000,27.7
British Virgin Islands,2005,27.7
British Virgin Islands,2010,28.0
British Virgin Islands,2015,28.0
Cayman Islands,1950,27.4
Cayman Islands,1955,27.3
Cayman Islands,1960,27.6
Cayman Islands,1965,27.3
Cayman Islands,1970,27.8
Cayman Islands,1975,26.7
Cayman Islands,1980,26.3
Cayman Islands,1985,26.6
Cayman Islands,1990,26.2
Cayman Islands,1995,26.6
Cayman Islands,2000,26.9
Cayman Islands,2005,27.6
Cayman Islands,2010,29.2
Cayman Islands,2015,30.6
Cuba,1950,26.3
Cuba,1955,26.1
Cuba,1960,26.2
Cuba,1965,26.3
Cuba,1970,25.9
Cuba,1975,25.2
Cuba,1980,24.5
Cuba,1985,24.8
Cuba,1990,25.1
Cuba,1995,25.4
Cuba,2000,26.0
Cuba,2005,26.2
Cuba,2010,26.1
Cuba,2015,26.3
Curaçao,1950,29.0
Curaçao,1955,29.1
Curaçao,1960,29.0
Curaçao,1965,28.6
Curaçao,1970,28.1
Curaçao,1975,27.7
Curaçao,1980,27.7
Curaçao,1985,27.6
Curaçao,1990,27.5
Curaçao,1995,27.2
Curaçao,2000,27.9
Curaçao,2005,28.1
Curaçao,2010,28.2
Curaçao,2015,28.5
Dominica,1950,28.9
Dominica,1955,29.0
Dominica,1960,29.1
Dominica,1965,28.8
Dominica,1970,28.7
Dominica,1975,28.1
Dominica,1980,27.9
Dominica,1985,27.5
Dominica,1990,27.5
Dominica,1995,28.1
Dominica,2000,27.9
Dominica,2005,28.2
Dominica,2010,28.1
Dominica,2015,28.1
Dominican Republic,1950,29.4
Dominican Republic,1955,29.4
Dominican Republic,1960,29.3
Dominican Republic,1965,29.2
Dominican Republic,1970,29.1
Dominican Republic,1975,28.7
Dominican Republic,1980,27.8
Dominican Republic,1985,27.3
Dominican Republic,1990,26.4
Dominican Republic,1995,26.0
Dominican Republic,2000,25.7
Dominican Republic,2005,25.6
Dominican Republic,2010,25.4
Dominican Republic,2015,25.9
Grenada,1950,27.5
Grenada,1955,27.5
Grenada,1960,28.1
Grenada,1965,28.6
Grenada,1970,28.2
Grenada,1975,27.9
Grenada,1980,27.7
Grenada,1985,28.0
Grenada,1990,28.0
Grenada,1995,28.3
Grenada,2000,28.7
Grenada,2005,28.9
Grenada,2010,29.0
Grenada,2015,29.1
Guadeloupe,1950,29.4
Guadeloupe,1955,30.0
Guadeloupe,1960,30.1
Guadeloupe,1965,30.4
Guadeloupe,1970,29.6
Guadeloupe,1975,28.5
Guadeloupe,1980,27.5
Guadeloupe,1985,28.5
Guadeloupe,1990,28.6
Guadeloupe,1995,28.9
Guadeloupe,2000,29.3
Guadeloupe,2005,29.7
Guadeloupe,2010,30.0
Guadeloupe,2015,30.4
Haiti,1950,30.9
Haiti,1955,31.1
Haiti,1960,31.4
Haiti,1965,31.6
Haiti,1970,31.4
Haiti,1975,31.0
Haiti,1980,30.5
Haiti,1985,30.5
Haiti,1990,30.4
Haiti,1995,30.3
Haiti,2000,30.0
Haiti,2005,29.9
Haiti,2010,29.9
Haiti,2015,29.8
Jamaica,1950,27.4
Jamaica,1955,27.3
Jamaica,1960,27.8
Jamaica,1965,28.0
Jamaica,1970,27.9
Jamaica,1975,27.3
Jamaica,1980,26.7
Jamaica,1985,26.5
Jamaica,1990,26.5
Jamaica,1995,26.8
Jamaica,2000,26.9
Jamaica,2005,27.1
Jamaica,2010,27.5
Jamaica,2015,27.5
Martinique,1950,29.9
Martinique,1955,30.2
Martinique,1960,30.6
Martinique,1965,30.5
Martinique,1970,29.7
Martinique,1975,28.5
Martinique,1980,28.4
Martinique,1985,28.3
Martinique,1990,28.6
Martinique,1995,29.0
Martinique,2000,29.3
Martinique,2005,29.7
Martinique,2010,29.8
Martinique,2015,30.0
Montserrat,1950,27.0
Montserrat,1955,26.9
Montserrat,1960,26.7
Montserrat,1965,26.5
Montserrat,1970,26.0
Montserrat,1975,25.4
Montserrat,1980,25.2
Montserrat,1985,25.7
Montserrat,1990,26.4
Montserrat,1995,27.1
Montserrat,2000,28.1
Montserrat,2005,27.7
Montserrat,2010,27.7
Montserrat,2015,27.5
Puerto Rico,1950,28.3
Puerto Rico,1955,28.2
Puerto Rico,1960,27.8
Puerto Rico,1965,27.0
Puerto Rico,1970,27.1
Puerto Rico,1975,26.6
Puerto Rico,1980,26.2
Puerto Rico,1985,26.2
Puerto Rico,1990,25.9
Puerto Rico,1995,25.8
Puerto Rico,2000,25.7
Puerto Rico,2005,26.0
Puerto Rico,2010,26.0
Puerto Rico,2015,26.6
Saint Barthélemy,1950,29.7
Saint Barthélemy,1955,29.7
Saint Barthélemy,1960,29.7
Saint Barthélemy,1965,29.6
Saint Barthélemy,1970,29.2
Saint Barthélemy,1975,28.9
Saint Barthélemy,1980,28.8
Saint Barthélemy,1985,28.8
Saint Barthélemy,1990,28.9
Saint Barthélemy,1995,29.0
Saint Barthélemy,2000,29.1
Saint Barthélemy,2005,29.2
Saint Barthélemy,2010,29.4
Saint Barthélemy,2015,29.8
Saint Kitts and Nevis,1950,27.5
Saint Kitts and Nevis,1955,27.5
Saint Kitts and Nevis,1960,27.9
Saint Kitts and Nevis,1965,28.2
Saint Kitts and Nevis,1970,27.9
Saint Kitts and Nevis,1975,26.6
Saint Kitts and Nevis,1980,26.5
Saint Kitts and Nevis,1985,26.6
Saint Kitts and Nevis,1990,27.0
Saint Kitts and Nevis,1995,27.3
Saint Kitts and Nevis,2000,27.0
Saint Kitts and Nevis,2005,27.3
Saint Kitts and Nevis,2010,27.5
Saint Kitts and Nevis,2015,27.6
Saint Lucia,1950,27.7
Saint Lucia,1955,28.2
Saint Lucia,1960,28.5
Saint Lucia,1965,28.5
Saint Lucia,1970,28.2
Saint Lucia,1975,27.9
Saint Lucia,1980,27.2
Saint Lucia,1985,26.7
Saint Lucia,1990,27.1
Saint Lucia,1995,27.4
Saint Lucia,2000,27.7
Saint Lucia,2005,27.8
Saint Lucia,2010,27.9
Saint Lucia,2015,27.9
Saint Martin (French part),1950,29.7
Saint Martin (French part),1955,29.9
Saint Martin (French part),1960,30.0
Saint Martin (French part),1965,30.0
Saint Martin (French part),1970,29.7
Saint Martin (French part),1975,29.4
Saint Martin (French part),1980,29.0
Saint Martin (French part),1985,29.3
Saint Martin (French part),1990,29.2
Saint Martin (French part),1995,29.3
Saint Martin (French part),2000,29.2
Saint Martin (French part),2005,29.4
Saint Martin (French part),2010,29.5
Saint Martin (French part),2015,29.9
Saint Vincent and the Grenadines,1950,27.9
Saint Vincent and the Grenadines,1955,28.0
Saint Vincent and the Grenadines,1960,28.0
Saint Vincent and the Grenadines,1965,28.1
Saint Vincent and the Grenadines,1970,28.1
Saint Vincent and the Grenadines,1975,27.8
Saint Vincent and the Grenadines,1980,26.7
Saint Vincent and the Grenadines,1985,26.4
Saint Vincent and the Grenadines,1990,26.7
Saint Vincent and the Grenadines,1995,27.0
Saint Vincent and the Grenadines,2000,27.0
Saint Vincent and the Grenadines,2005,27.3
Saint Vincent and the Grenadines,2010,27.3
Saint Vincent and the Grenadines,2015,27.7
Sint Maarten (Dutch part),1950,29.8
Sint Maarten (Dutch part),1955,29.6
Sint Maarten (Dutch part),1960,29.5
Sint Maarten (Dutch part),1965,29.0
Sint Maarten (Dutch part),1970,28.5
Sint Maarten (Dutch part),1975,28.0
Sint Maarten (Dutch part),1980,27.6
Sint Maarten (Dutch part),1985,27.0
Sint Maarten (Dutch part),1990,26.9
Sint Maarten (Dutch part),1995,27.4
Sint Maarten (Dutch part),2000,27.6
Sint Maarten (Dutch part),2005,27.8
Sint Maarten (Dutch part),2010,28.0
Sint Maarten (Dutch part),2015,28.5
Trinidad and Tobago,1950,27.2
Trinidad and Tobago,1955,27.2
Trinidad and Tobago,1960,27.4
Trinidad and Tobago,1965,27.6
Trinidad and Tobago,1970,27.6
Trinidad and Tobago,1975,27.4
Trinidad and Tobago,1980,27.1
Trinidad and Tobago,1985,27.2
Trinidad and Tobago,1990,27.2
Trinidad and Tobago,1995,27.3
Trinidad and Tobago,2000,27.4
Trinidad and Tobago,2005,27.8
Trinidad and Tobago,2010,27.6
Trinidad and Tobago,2015,27.7
Turks and Caicos Islands,1950,28.9
Turks and Caicos Islands,1955,29.0
Turks and Caicos Islands,1960,29.0
Turks and Caicos Islands,1965,29.0
Turks and Caicos Islands,1970,29.0
Turks and Caicos Islands,1975,28.9
Turks and Caicos Islands,1980,28.8
Turks and Caicos Islands,1985,28.9
Turks and Caicos Islands,1990,29.1
Turks and Caicos Islands,1995,30.2
Turks and Caicos Islands,2000,31.2
Turks and Caicos Islands,2005,30.5
Turks and Caicos Islands,2010,30.0
Turks and Caicos Islands,2015,30.3
United States Virgin Islands,1950,27.5
United States Virgin Islands,1955,27.1
United States Virgin Islands,1960,27.1
United States Virgin Islands,1965,27.2
United States Virgin Islands,1970,26.4
United States Virgin Islands,1975,26.2
United States Virgin Islands,1980,26.5
United States Virgin Islands,1985,26.5
United States Virgin Islands,1990,26.7
United States Virgin Islands,1995,26.8
United States Virgin Islands,2000,26.8
United States Virgin Islands,2005,27.3
United States Virgin Islands,2010,27.1
United States Virgin Islands,2015,27.7
Central America,1950,28.9
Central America,1955,28.9
Central America,1960,28.9
Central America,1965,29.0
Central America,1970,29.0
Central America,1975,28.8
Central America,1980,28.4
Central America,1985,28.2
Central America,1990,27.9
Central America,1995,27.6
Central America,2000,27.3
Central America,2005,27.1
Central America,2010,26.8
Central America,2015,26.8
Belize,1950,28.0
Belize,1955,27.9
Belize,1960,27.9
Belize,1965,27.8
Belize,1970,27.7
Belize,1975,27.7
Belize,1980,27.6
Belize,1985,27.8
Belize,1990,27.5
Belize,1995,27.1
Belize,2000,27.4
Belize,2005,27.2
Belize,2010,27.1
Belize,2015,27.0
Costa Rica,1950,29.0
Costa Rica,1955,29.0
Costa Rica,1960,29.0
Costa Rica,1965,28.9
Costa Rica,1970,28.4
Costa Rica,1975,27.8
Costa Rica,1980,27.6
Costa Rica,1985,27.6
Costa Rica,1990,27.3
Costa Rica,1995,26.9
Costa Rica,2000,26.6
Costa Rica,2005,26.7
Costa Rica,2010,26.7
Costa Rica,2015,27.1
El Salvador,1950,28.3
El Salvador,1955,28.3
El Salvador,1960,28.6
El Salvador,1965,28.6
El Salvador,1970,28.7
El Salvador,1975,28.4
El Salvador,1980,27.9
El Salvador,1985,27.6
El Salvador,1990,27.2
El Salvador,1995,26.8
El Salvador,2000,26.6
El Salvador,2005,26.8
El Salvador,2010,26.9
El Salvador,2015,26.9
Guatemala,1950,29.0
Guatemala,1955,28.7
Guatemala,1960,28.6
Guatemala,1965,28.7
Guatemala,1970,28.7
Guatemala,1975,28.8
Guatemala,1980,28.9
Guatemala,1985,29.2
Guatemala,1990,29.2
Guatemala,1995,29.0
Guatemala,2000,28.8
Guatemala,2005,29.0
Guatemala,2010,28.4
Guatemala,2015,28.2
Honduras,1950,29.0
Honduras,1955,29.1
Honduras,1960,29.1
Honduras,1965,29.3
Honduras,1970,29.4
Honduras,1975,29.4
Honduras,1980,29.2
Honduras,1985,29.0
Honduras,1990,28.7
Honduras,1995,28.2
Honduras,2000,27.9
Honduras,2005,27.7
Honduras,2010,27.3
Honduras,2015,27.2
Mexico,1950,29.0
Mexico,1955,29.0
Mexico,1960,29.0
Mexico,1965,29.1
Mexico,1970,29.1
Mexico,1975,28.9
Mexico,1980,28.5
Mexico,1985,28.2
Mexico,1990,27.7
Mexico,1995,27.5
Mexico,2000,27.3
Mexico,2005,26.9
Mexico,2010,26.6
Mexico,2015,26.6
Nicaragua,1950,28.3
Nicaragua,1955,28.3
Nicaragua,1960,28.3
Nicaragua,1965,28.2
Nicaragua,1970,28.2
Nicaragua,1975,28.2
Nicaragua,1980,28.1
Nicaragua,1985,28.0
Nicaragua,1990,27.6
Nicaragua,1995,27.2
Nicaragua,2000,26.8
Nicaragua,2005,26.6
Nicaragua,2010,26.5
Nicaragua,2015,26.6
Panama,1950,28.0
Panama,1955,28.0
Panama,1960,28.0
Panama,1965,27.9
Panama,1970,27.7
Panama,1975,27.4
Panama,1980,27.2
Panama,1985,26.8
Panama,1990,26.7
Panama,1995,26.7
Panama,2000,26.7
Panama,2005,26.6
Panama,2010,26.4
Panama,2015,26.6
South America,1950,29.1
South America,1955,29.1
South America,1960,29.1
South America,1965,29.1
South America,1970,29.1
South America,1975,28.8
South America,1980,28.5
South America,1985,28.1
South America,1990,27.5
South America,1995,27.1
South America,2000,26.8
South America,2005,26.8
South America,2010,26.9
South America,2015,27.1
Argentina,1950,28.4
Argentina,1955,28.5
Argentina,1960,28.3
Argentina,1965,28.2
Argentina,1970,28.1
Argentina,1975,27.9
Argentina,1980,27.7
Argentina,1985,27.6
Argentina,1990,27.7
Argentina,1995,27.7
Argentina,2000,27.8
Argentina,2005,27.9
Argentina,2010,27.8
Argentina,2015,27.9
Bolivia (Plurinational State of),1950,29.8
Bolivia (Plurinational State of),1955,29.9
Bolivia (Plurinational State of),1960,29.9
Bolivia (Plurinational State of),1965,30.1
Bolivia (Plurinational State of),1970,30.0
Bolivia (Plurinational State of),1975,30.0
Bolivia (Plurinational State of),1980,29.5
Bolivia (Plurinational State of),1985,29.5
Bolivia (Plurinational State of),1990,29.2
Bolivia (Plurinational State of),1995,29.1
Bolivia (Plurinational State of),2000,28.8
Bolivia (Plurinational State of),2005,28.7
Bolivia (Plurinational State of),2010,28.6
Bolivia (Plurinational State of),2015,28.4
Brazil,1950,29.3
Brazil,1955,29.3
Brazil,1960,29.4
Brazil,1965,29.4
Brazil,1970,29.3
Brazil,1975,28.9
Brazil,1980,28.6
Brazil,1985,27.9
Brazil,1990,27.1
Brazil,1995,26.5
Brazil,2000,26.0
Brazil,2005,26.1
Brazil,2010,26.4
Brazil,2015,26.8
Chile,1950,29.9
Chile,1955,29.6
Chile,1960,29.3
Chile,1965,28.8
Chile,1970,28.0
Chile,1975,27.6
Chile,1980,27.1
Chile,1985,27.1
Chile,1990,27.1
Chile,1995,27.1
Chile,2000,27.5
Chile,2005,27.9
Chile,2010,27.9
Chile,2015,28.6
Colombia,1950,29.1
Colombia,1955,29.1
Colombia,1960,29.1
Colombia,1965,29.3
Colombia,1970,29.4
Colombia,1975,29.0
Colombia,1980,28.4
Colombia,1985,27.8
Colombia,1990,27.2
Colombia,1995,26.9
Colombia,2000,26.6
Colombia,2005,26.5
Colombia,2010,26.4
Colombia,2015,26.6
Ecuador,1950,29.2
Ecuador,1955,29.2
Ecuador,1960,29.4
Ecuador,1965,29.3
Ecuador,1970,29.7
Ecuador,1975,29.6
Ecuador,1980,29.1
Ecuador,1985,28.8
Ecuador,1990,28.6
Ecuador,1995,28.0
Ecuador,2000,27.6
Ecuador,2005,27.3
Ecuador,2010,26.8
Ecuador,2015,27.1
Falkland Islands (Malvinas),1950,27.7
Falkland Islands (Malvinas),1955,27.7
Falkland Islands (Malvinas),1960,27.6
Falkland Islands (Malvinas),1965,27.3
Falkland Islands (Malvinas),1970,27.1
Falkland Islands (Malvinas),1975,27.1
Falkland Islands (Malvinas),1980,27.2
Falkland Islands (Malvinas),1985,27.4
Falkland Islands (Malvinas),1990,27.8
Falkland Islands (Malvinas),1995,28.2
Falkland Islands (Malvinas),2000,28.6
Falkland Islands (Malvinas),2005,29.0
Falkland Islands (Malvinas),2010,29.4
Falkland Islands (Malvinas),2015,29.6
French Guiana,1950,28.3
French Guiana,1955,28.4
French Guiana,1960,28.7
French Guiana,1965,28.5
French Guiana,1970,27.7
French Guiana,1975,27.0
French Guiana,1980,27.2
French Guiana,1985,27.4
French Guiana,1990,27.4
French Guiana,1995,27.3
French Guiana,2000,27.3
French Guiana,2005,28.1
French Guiana,2010,28.4
French Guiana,2015,29.0
Guyana,1950,27.4
Guyana,1955,27.6
Guyana,1960,27.9
Guyana,1965,28.1
Guyana,1970,28.0
Guyana,1975,27.7
Guyana,1980,27.8
Guyana,1985,26.7
Guyana,1990,26.1
Guyana,1995,26.4
Guyana,2000,26.7
Guyana,2005,26.7
Guyana,2010,26.8
Guyana,2015,27.1
Paraguay,1950,29.8
Paraguay,1955,29.9
Paraguay,1960,30.1
Paraguay,1965,30.3
Paraguay,1970,30.3
Paraguay,1975,29.9
Paraguay,1980,29.7
Paraguay,1985,29.5
Paraguay,1990,29.0
Paraguay,1995,28.7
Paraguay,2000,28.6
Paraguay,2005,28.3
Paraguay,2010,28.0
Paraguay,2015,27.9
Peru,1950,29.4
Peru,1955,29.5
Peru,1960,29.5
Peru,1965,29.7
Peru,1970,29.9
Peru,1975,29.8
Peru,1980,29.6
Peru,1985,29.2
Peru,1990,28.9
Peru,1995,28.7
Peru,2000,28.3
Peru,2005,28.3
Peru,2010,28.3
Peru,2015,28.3
Suriname,1950,28.4
Suriname,1955,28.3
Suriname,1960,28.3
Suriname,1965,28.2
Suriname,1970,28.1
Suriname,1975,27.8
Suriname,1980,27.4
Suriname,1985,27.1
Suriname,1990,26.7
Suriname,1995,26.4
Suriname,2000,27.0
Suriname,2005,27.1
Suriname,2010,27.5
Suriname,2015,27.7
Uruguay,1950,27.8
Uruguay,1955,27.8
Uruguay,1960,27.8
Uruguay,1965,27.9
Uruguay,1970,27.8
Uruguay,1975,27.6
Uruguay,1980,27.5
Uruguay,1985,27.7
Uruguay,1990,27.4
Uruguay,1995,27.4
Uruguay,2000,27.2
Uruguay,2005,27.2
Uruguay,2010,27.3
Uruguay,2015,27.8
Venezuela (Bolivarian Republic of),1950,28.5
Venezuela (Bolivarian Republic of),1955,28.7
Venezuela (Bolivarian Republic of),1960,28.6
Venezuela (Bolivarian Republic of),1965,28.9
Venezuela (Bolivarian Republic of),1970,28.8
Venezuela (Bolivarian Republic of),1975,28.5
Venezuela (Bolivarian Republic of),1980,28.2
Venezuela (Bolivarian Republic of),1985,28.3
Venezuela (Bolivarian Republic of),1990,27.5
Venezuela (Bolivarian Republic of),1995,27.2
Venezuela (Bolivarian Republic of),2000,26.7
Venezuela (Bolivarian Republic of),2005,26.5
Venezuela (Bolivarian Republic of),2010,26.2
Venezuela (Bolivarian Republic of),2015,26.2
NORTHERN AMERICA,1950,26.8
NORTHERN AMERICA,1955,26.7
NORTHERN AMERICA,1960,26.6
NORTHERN AMERICA,1965,26.7
NORTHERN AMERICA,1970,26.2
NORTHERN AMERICA,1975,25.9
NORTHERN AMERICA,1980,26.1
NORTHERN AMERICA,1985,26.5
NORTHERN AMERICA,1990,26.6
NORTHERN AMERICA,1995,26.9
NORTHERN AMERICA,2000,27.5
NORTHERN AMERICA,2005,28.1
NORTHERN AMERICA,2010,28.4
NORTHERN AMERICA,2015,29.3
Bermuda,1950,27.5
Bermuda,1955,27.3
Bermuda,1960,27.2
Bermuda,1965,27.2
Bermuda,1970,26.8
Bermuda,1975,26.3
Bermuda,1980,27.0
Bermuda,1985,27.5
Bermuda,1990,27.7
Bermuda,1995,28.2
Bermuda,2000,29.2
Bermuda,2005,29.9
Bermuda,2010,30.6
Bermuda,2015,31.9
Canada,1950,28.5
Canada,1955,28.2
Canada,1960,27.9
Canada,1965,27.8
Canada,1970,27.1
Canada,1975,26.7
Canada,1980,26.9
Canada,1985,27.4
Canada,1990,27.7
Canada,1995,28.1
Canada,2000,28.8
Canada,2005,29.6
Canada,2010,30.0
Canada,2015,30.6
Greenland,1950,29.8
Greenland,1955,29.8
Greenland,1960,29.9
Greenland,1965,30.3
Greenland,1970,26.9
Greenland,1975,26.6
Greenland,1980,26.7
Greenland,1985,26.4
Greenland,1990,26.2
Greenland,1995,26.3
Greenland,2000,26.2
Greenland,2005,26.8
Greenland,2010,27.4
Greenland,2015,27.8
Saint Pierre and Miquelon,1950,29.4
Saint Pierre and Miquelon,1955,29.7
Saint Pierre and Miquelon,1960,29.4
Saint Pierre and Miquelon,1965,29.2
Saint Pierre and Miquelon,1970,28.3
Saint Pierre and Miquelon,1975,27.3
Saint Pierre and Miquelon,1980,27.3
Saint Pierre and Miquelon,1985,27.3
Saint Pierre and Miquelon,1990,27.5
Saint Pierre and Miquelon,1995,27.7
Saint Pierre and Miquelon,2000,27.9
Saint Pierre and Miquelon,2005,28.1
Saint Pierre and Miquelon,2010,28.3
Saint Pierre and Miquelon,2015,28.5
United States of America,1950,26.6
United States of America,1955,26.5
United States of America,1960,26.4
United States of America,1965,26.5
United States of America,1970,26.1
United States of America,1975,25.8
United States of America,1980,26.0
United States of America,1985,26.4
United States of America,1990,26.5
United States of America,1995,26.8
United States of America,2000,27.4
United States of America,2005,27.9
United States of America,2010,28.3
United States of America,2015,29.1
OCEANIA,1950,28.3
OCEANIA,1955,28.0
OCEANIA,1960,28.0
OCEANIA,1965,28.1
OCEANIA,1970,27.9
OCEANIA,1975,27.8
OCEANIA,1980,28.0
OCEANIA,1985,28.1
OCEANIA,1990,28.4
OCEANIA,1995,28.7
OCEANIA,2000,29.0
OCEANIA,2005,29.4
OCEANIA,2010,29.6
OCEANIA,2015,29.8
Australia/New Zealand,1950,28.2
Australia/New Zealand,1955,27.8
Australia/New Zealand,1960,27.5
Australia/New Zealand,1965,27.4
Australia/New Zealand,1970,27.0
Australia/New Zealand,1975,26.6
Australia/New Zealand,1980,27.0
Australia/New Zealand,1985,27.6
Australia/New Zealand,1990,28.3
Australia/New Zealand,1995,28.9
Australia/New Zealand,2000,29.4
Australia/New Zealand,2005,30.0
Australia/New Zealand,2010,30.3
Australia/New Zealand,2015,30.7
Australia,1950,28.2
Australia,1955,27.7
Australia,1960,27.5
Australia,1965,27.4
Australia,1970,27.1
Australia,1975,26.7
Australia,1980,27.2
Australia,1985,27.7
Australia,1990,28.4
Australia,1995,29.0
Australia,2000,29.5
Australia,2005,30.1
Australia,2010,30.5
Australia,2015,30.8
New Zealand,1950,28.4
New Zealand,1955,28.0
New Zealand,1960,27.7
New Zealand,1965,27.2
New Zealand,1970,26.6
New Zealand,1975,26.1
New Zealand,1980,26.5
New Zealand,1985,27.1
New Zealand,1990,27.7
New Zealand,1995,28.3
New Zealand,2000,29.0
New Zealand,2005,29.5
New Zealand,2010,29.6
New Zealand,2015,30.2
Melanesia,1950,29.6
Melanesia,1955,29.7
Melanesia,1960,29.8
Melanesia,1965,29.9
Melanesia,1970,30.0
Melanesia,1975,30.0
Melanesia,1980,29.9
Melanesia,1985,29.8
Melanesia,1990,29.8
Melanesia,1995,29.7
Melanesia,2000,29.7
Melanesia,2005,29.6
Melanesia,2010,29.5
Melanesia,2015,29.4
Fiji,1950,28.5
Fiji,1955,28.6
Fiji,1960,28.8
Fiji,1965,29.0
Fiji,1970,28.4
Fiji,1975,28.1
Fiji,1980,27.5
Fiji,1985,27.2
Fiji,1990,26.9
Fiji,1995,27.2
Fiji,2000,27.9
Fiji,2005,28.1
Fiji,2010,28.3
Fiji,2015,28.7
New Caledonia,1950,29.1
New Caledonia,1955,29.2
New Caledonia,1960,29.2
New Caledonia,1965,30.1
New Caledonia,1970,28.5
New Caledonia,1975,27.9
New Caledonia,1980,27.5
New Caledonia,1985,27.7
New Caledonia,1990,28.0
New Caledonia,1995,28.9
New Caledonia,2000,28.3
New Caledonia,2005,28.9
New Caledonia,2010,29.0
New Caledonia,2015,29.4
Papua New Guinea,1950,29.8
Papua New Guinea,1955,29.8
Papua New Guinea,1960,29.9
Papua New Guinea,1965,30.0
Papua New Guinea,1970,30.1
Papua New Guinea,1975,30.2
Papua New Guinea,1980,30.3
Papua New Guinea,1985,30.3
Papua New Guinea,1990,30.3
Papua New Guinea,1995,30.1
Papua New Guinea,2000,30.1
Papua New Guinea,2005,29.9
Papua New Guinea,2010,29.7
Papua New Guinea,2015,29.5
Solomon Islands,1950,31.0
Solomon Islands,1955,31.0
Solomon Islands,1960,31.1
Solomon Islands,1965,31.2
Solomon Islands,1970,31.2
Solomon Islands,1975,30.8
Solomon Islands,1980,30.4
Solomon Islands,1985,30.1
Solomon Islands,1990,30.0
Solomon Islands,1995,29.7
Solomon Islands,2000,29.2
Solomon Islands,2005,29.4
Solomon Islands,2010,29.3
Solomon Islands,2015,29.1
Vanuatu,1950,29.5
Vanuatu,1955,29.5
Vanuatu,1960,29.4
Vanuatu,1965,29.3
Vanuatu,1970,29.4
Vanuatu,1975,29.5
Vanuatu,1980,29.5
Vanuatu,1985,29.4
Vanuatu,1990,29.4
Vanuatu,1995,29.4
Vanuatu,2000,29.3
Vanuatu,2005,29.0
Vanuatu,2010,28.9
Vanuatu,2015,28.7
Micronesia,1950,29.4
Micronesia,1955,29.3
Micronesia,1960,29.1
Micronesia,1965,29.2
Micronesia,1970,29.0
Micronesia,1975,28.7
Micronesia,1980,28.7
Micronesia,1985,28.6
Micronesia,1990,28.6
Micronesia,1995,28.4
Micronesia,2000,28.4
Micronesia,2005,28.4
Micronesia,2010,28.7
Micronesia,2015,29.0
Guam,1950,29.3
Guam,1955,28.8
Guam,1960,28.3
Guam,1965,28.5
Guam,1970,27.8
Guam,1975,27.1
Guam,1980,26.9
Guam,1985,26.7
Guam,1990,26.8
Guam,1995,27.1
Guam,2000,27.3
Guam,2005,27.5
Guam,2010,28.0
Guam,2015,28.7
Kiribati,1950,29.6
Kiribati,1955,29.6
Kiribati,1960,29.7
Kiribati,1965,29.6
Kiribati,1970,29.5
Kiribati,1975,29.6
Kiribati,1980,29.8
Kiribati,1985,30.0
Kiribati,1990,30.1
Kiribati,1995,30.2
Kiribati,2000,30.0
Kiribati,2005,29.9
Kiribati,2010,29.8
Kiribati,2015,29.6
Marshall Islands,1950,28.3
Marshall Islands,1955,28.3
Marshall Islands,1960,28.3
Marshall Islands,1965,28.2
Marshall Islands,1970,28.2
Marshall Islands,1975,28.0
Marshall Islands,1980,27.7
Marshall Islands,1985,27.3
Marshall Islands,1990,26.9
Marshall Islands,1995,26.7
Marshall Islands,2000,27.2
Marshall Islands,2005,27.3
Marshall Islands,2010,27.4
Marshall Islands,2015,27.5
Micronesia (Fed. States of),1950,29.7
Micronesia (Fed. States of),1955,29.7
Micronesia (Fed. States of),1960,29.7
Micronesia (Fed. States of),1965,29.8
Micronesia (Fed. States of),1970,30.0
Micronesia (Fed. States of),1975,30.1
Micronesia (Fed. States of),1980,30.3
Micronesia (Fed. States of),1985,30.4
Micronesia (Fed. States of),1990,30.4
Micronesia (Fed. States of),1995,30.1
Micronesia (Fed. States of),2000,29.7
Micronesia (Fed. States of),2005,29.8
Micronesia (Fed. States of),2010,29.8
Micronesia (Fed. States of),2015,29.9
Nauru,1950,31.0
Nauru,1955,31.1
Nauru,1960,31.3
Nauru,1965,31.4
Nauru,1970,30.8
Nauru,1975,30.3
Nauru,1980,29.9
Nauru,1985,29.6
Nauru,1990,29.2
Nauru,1995,28.8
Nauru,2000,27.6
Nauru,2005,27.4
Nauru,2010,27.5
Nauru,2015,27.4
Northern Mariana Islands,1950,29.0
Northern Mariana Islands,1955,29.0
Northern Mariana Islands,1960,28.9
Northern Mariana Islands,1965,28.9
Northern Mariana Islands,1970,29.4
Northern Mariana Islands,1975,28.6
Northern Mariana Islands,1980,27.8
Northern Mariana Islands,1985,27.6
Northern Mariana Islands,1990,27.5
Northern Mariana Islands,1995,27.6
Northern Mariana Islands,2000,27.6
Northern Mariana Islands,2005,27.5
Northern Mariana Islands,2010,27.9
Northern Mariana Islands,2015,28.2
Palau,1950,29.6
Palau,1955,29.6
Palau,1960,29.6
Palau,1965,29.6
Palau,1970,29.4
Palau,1975,29.0
Palau,1980,28.7
Palau,1985,29.1
Palau,1990,29.1
Palau,1995,28.6
Palau,2000,28.9
Palau,2005,28.8
Palau,2010,28.7
Palau,2015,28.6
Polynesia,1950,29.6
Polynesia,1955,29.6
Polynesia,1960,29.7
Polynesia,1965,29.9
Polynesia,1970,29.7
Polynesia,1975,29.4
Polynesia,1980,29.4
Polynesia,1985,29.3
Polynesia,1990,29.5
Polynesia,1995,29.4
Polynesia,2000,29.2
Polynesia,2005,29.4
Polynesia,2010,29.5
Polynesia,2015,29.3
American Samoa,1950,29.4
American Samoa,1955,29.6
American Samoa,1960,29.9
American Samoa,1965,29.9
American Samoa,1970,29.9
American Samoa,1975,30.1
American Samoa,1980,29.8
American Samoa,1985,29.1
American Samoa,1990,28.6
American Samoa,1995,28.7
American Samoa,2000,28.6
American Samoa,2005,28.9
American Samoa,2010,28.9
American Samoa,2015,29.0
Cook Islands,1950,28.7
Cook Islands,1955,28.6
Cook Islands,1960,28.7
Cook Islands,1965,28.6
Cook Islands,1970,28.3
Cook Islands,1975,28.4
Cook Islands,1980,28.4
Cook Islands,1985,27.9
Cook Islands,1990,28.1
Cook Islands,1995,28.1
Cook Islands,2000,28.3
Cook Islands,2005,28.4
Cook Islands,2010,28.5
Cook Islands,2015,28.5
French Polynesia,1950,28.7
French Polynesia,1955,28.7
French Polynesia,1960,28.7
French Polynesia,1965,28.6
French Polynesia,1970,28.6
French Polynesia,1975,27.8
French Polynesia,1980,27.2
French Polynesia,1985,27.4
French Polynesia,1990,27.7
French Polynesia,1995,28.0
French Polynesia,2000,27.9
French Polynesia,2005,28.2
French Polynesia,2010,28.5
French Polynesia,2015,28.4
Niue,1950,28.5
Niue,1955,28.6
Niue,1960,28.6
Niue,1965,28.8
Niue,1970,28.9
Niue,1975,29.0
Niue,1980,29.4
Niue,1985,29.7
Niue,1990,29.8
Niue,1995,30.1
Niue,2000,30.5
Niue,2005,30.6
Niue,2010,30.5
Niue,2015,30.5
Samoa,1950,29.8
Samoa,1955,29.8
Samoa,1960,30.0
Samoa,1965,30.3
Samoa,1970,29.9
Samoa,1975,29.9
Samoa,1980,30.1
Samoa,1985,30.3
Samoa,1990,30.6
Samoa,1995,30.3
Samoa,2000,30.1
Samoa,2005,30.1
Samoa,2010,30.0
Samoa,2015,29.7
Tokelau,1950,29.4
Tokelau,1955,29.4
Tokelau,1960,29.4
Tokelau,1965,29.5
Tokelau,1970,29.5
Tokelau,1975,29.5
Tokelau,1980,29.4
Tokelau,1985,29.4
Tokelau,1990,29.3
Tokelau,1995,29.2
Tokelau,2000,29.3
Tokelau,2005,29.4
Tokelau,2010,29.4
Tokelau,2015,29.5
Tonga,1950,30.6
Tonga,1955,30.7
Tonga,1960,30.8
Tonga,1965,30.9
Tonga,1970,30.8
Tonga,1975,30.7
Tonga,1980,30.7
Tonga,1985,30.9
Tonga,1990,31.2
Tonga,1995,31.1
Tonga,2000,31.0
Tonga,2005,31.0
Tonga,2010,30.6
Tonga,2015,30.5
Tuvalu,1950,29.7
Tuvalu,1955,29.7
Tuvalu,1960,29.5
Tuvalu,1965,29.4
Tuvalu,1970,29.2
Tuvalu,1975,29.2
Tuvalu,1980,29.2
Tuvalu,1985,29.3
Tuvalu,1990,29.2
Tuvalu,1995,29.5
Tuvalu,2000,29.6
Tuvalu,2005,29.4
Tuvalu,2010,29.2
Tuvalu,2015,29.1
Wallis and Futuna Islands,1950,30.6
Wallis and Futuna Islands,1955,30.7
Wallis and Futuna Islands,1960,30.7
Wallis and Futuna Islands,1965,30.8
Wallis and Futuna Islands,1970,30.8
Wallis and Futuna Islands,1975,30.6
Wallis and Futuna Islands,1980,30.7
Wallis and Futuna Islands,1985,30.9
Wallis and Futuna Islands,1990,30.9
Wallis and Futuna Islands,1995,30.6
Wallis and Futuna Islands,2000,30.2
Wallis and Futuna Islands,2005,30.1
Wallis and Futuna Islands,2010,30.0
Wallis and Futuna Islands,2015,30.0